global_id,team,sequence,aa_sequence_entropy,esm2_full_LL_target,closest_ab,ubiquitin_pident,is_linker,longest_dup_substr_len,longest_dup_occurrences,total_duplicated_residues,longest_dup_substr
9504,Zist Rayanesh,MLKGDIEAAEYLVKKYKDDPKKQAEAQKKLDEYKANAKKKDKPLKGDIEAAEYLVKKYKDDPKKQAEAQKKLDEYKASAG,3.244606899329411,-51.70245361328125,,0.0,False,34,2,68,LKGDIEAAEYLVKKYKDDPKKQAEAQKKLDEYKA
9506,Zist Rayanesh,MLKGDIEAYEYLVEKYKDDPEKQAEAQKNLEKAKAEGPKPTKGDIEAYEYLVEKYKDDPEKQAEAQKNLEKAKASAGGGG,3.4588843697315346,-51.29899215698242,,0.0,False,33,2,66,KGDIEAYEYLVEKYKDDPEKQAEAQKNLEKAKA
9507,Zist Rayanesh,MLKGDIEAYKYLVEKYKDDPEKQAEAQKKLEEALANPEKQPVLKGDIEAYKYLVEKYKDDPEKQAEAQKKLEEALASAGG,3.3950918316345313,-46.48899459838867,,0.0,False,34,2,68,LKGDIEAYKYLVEKYKDDPEKQAEAQKKLEEALA
9508,Zist Rayanesh,MLKGDIEAYEYLVEKYKDDPEKQAEAQKNLEKAKAEGPKPLKGDIEAYEYLVEKYKDDPEKQAEAQKNLEKAKASAGGGG,3.410132688107908,-49.91399383544922,,0.0,False,34,2,68,LKGDIEAYEYLVEKYKDDPEKQAEAQKNLEKAKA
9509,Zist Rayanesh,MLKGDIEAYKYLVEKYKDDPEKQAEAQKKLEEALANPAKEAVLKGDIEAYKYLVEKYKDDPEKQAEAQKKLEEALASAGG,3.3551266371526496,-43.10092544555664,,0.0,False,34,2,68,LKGDIEAYKYLVEKYKDDPEKQAEAQKKLEEALA
9510,Zist Rayanesh,MLKGDIEAAEYLVKKYKDDPKKQAEAQKKLDEYKANKDKVDVLKGDIEAAEYLVKKYKDDPKKQAEAQKKLDEYKASAGG,3.312788836633799,-44.30242156982422,,0.0,False,34,2,68,LKGDIEAAEYLVKKYKDDPKKQAEAQKKLDEYKA
9511,Zist Rayanesh,MLKGDIEAAEYLVKKYKDDPKKQAEAQKKLDEYKAGKRGYNKGDIEAAEYLVKKYKDDPKKQAEAQKKLDEYKASAGGGG,3.3716094012713818,-50.62295150756836,,0.0,False,33,2,66,KGDIEAAEYLVKKYKDDPKKQAEAQKKLDEYKA
9512,Zist Rayanesh,MLKGDIEAYEYLVEKYKDDPEKQAEAQKNLEKAKANANKNPLTKGDIEAYEYLVEKYKDDPEKQAEAQKNLEKAKASAGG,3.4777241956246536,-55.968692779541016,,0.0,False,33,2,66,KGDIEAYEYLVEKYKDDPEKQAEAQKNLEKAKA
9513,Zist Rayanesh,MLKGDIEAAEYLVKKYKDDPKKQAEAQKKLDEYKAGGTTVLKGDIEAAEYLVKKYKDDPKKQAEAQKKLDEYKASAGGGG,3.3858426531149965,-38.89201736450195,,0.0,False,34,2,68,LKGDIEAAEYLVKKYKDDPKKQAEAQKKLDEYKA
9514,Zist Rayanesh,MLKGDIEAYKYLVEKYKDDPEKQAEAQKKLEEALANPSKRAVIKGDIEAYKYLVEKYKDDPEKQAEAQKKLEEALASAGG,3.4772011458750733,-54.576080322265625,,0.0,False,33,2,66,KGDIEAYKYLVEKYKDDPEKQAEAQKKLEEALA
9515,Zist Rayanesh,MLKGDIEAYKYLVEKYKDDPEKQAEAQKKLEEALADPSKQATLKGDIEAYKYLVEKYKDDPEKQAEAQKKLEEALASAGG,3.394825015052787,-48.14726257324219,,0.0,False,34,2,68,LKGDIEAYKYLVEKYKDDPEKQAEAQKKLEEALA
9516,Zist Rayanesh,MLKGDIEAYKYLVEKYKDDPEKQAEAQKKLEEALANKNKKPPYTKGDIEAYKYLVEKYKDDPEKQAEAQKKLEEALASAG,3.4203306257596524,-52.91587829589844,,0.0,False,33,2,66,KGDIEAYKYLVEKYKDDPEKQAEAQKKLEEALA
9517,Zist Rayanesh,MLKGDIEAAEYLVKKYKDDPKKQAEAQKKLDEYKANKDKVAVLKGDIEAAEYLVKKYKDDPKKQAEAQKKLDEYKASAGG,3.309340758286914,-44.87794876098633,,0.0,False,34,2,68,LKGDIEAAEYLVKKYKDDPKKQAEAQKKLDEYKA
9518,Zist Rayanesh,MLKGDIEAYKYLVEKYKDDPEKQAEAQKKLEEALAGTKKDGVLKGDIEAYKYLVEKYKDDPEKQAEAQKKLEEALASAGG,3.365687847651303,-46.85901641845703,,0.0,False,34,2,68,LKGDIEAYKYLVEKYKDDPEKQAEAQKKLEEALA
9519,Zist Rayanesh,MLKGDIEAAEYLVKKYKDDPKKQAEAQKKLDEYKANKSKVNVLKGDIEAAEYLVKKYKDDPKKQAEAQKKLDEYKASAGG,3.378029848494719,-45.02675628662109,,0.0,False,34,2,68,LKGDIEAAEYLVKKYKDDPKKQAEAQKKLDEYKA
9520,Zist Rayanesh,MLKGDIEAYKYLVEKYKDDPEKQAEAQKKLEEALAVQKDGVLKGDIEAYKYLVEKYKDDPEKQAEAQKKLEEALASAGGG,3.3474614488212886,-45.3748893737793,,0.0,False,34,2,68,LKGDIEAYKYLVEKYKDDPEKQAEAQKKLEEALA
9521,Zist Rayanesh,MLKGDIEAYKYLVEKYKDDPEKQAEAQKKLEEALADPSKEAVIKGDIEAYKYLVEKYKDDPEKQAEAQKKLEEALASAGG,3.361852698659366,-52.6211166381836,,0.0,False,33,2,66,KGDIEAYKYLVEKYKDDPEKQAEAQKKLEEALA
9522,Zist Rayanesh,MLKGDIEAYEYLVEKYKDDPEKQAEAQKNLEKAKAAGPGPLKGDIEAYEYLVEKYKDDPEKQAEAQKNLEKAKASAGGGG,3.4235356706486737,-46.68170166015625,,0.0,False,34,2,68,LKGDIEAYEYLVEKYKDDPEKQAEAQKNLEKAKA
9523,Zist Rayanesh,MLKGDIEAAEYLVKKYKDDPKKQAEAQKKLDEYKAGKRGYTKGDIEAAEYLVKKYKDDPKKQAEAQKKLDEYKASAGGGG,3.3716094012713818,-50.58440399169922,,0.0,False,33,2,66,KGDIEAAEYLVKKYKDDPKKQAEAQKKLDEYKA
9524,Zist Rayanesh,MLKGDIEAYKYLVEKYKDDPEKQAEAQKKLEEALANPEKEAVLKGDIEAYKYLVEKYKDDPEKQAEAQKKLEEALASAGG,3.3537380590802504,-43.096435546875,,0.0,False,34,2,68,LKGDIEAYKYLVEKYKDDPEKQAEAQKKLEEALA
9525,Zist Rayanesh,MLKGDIEAYEYLVEKYKDDPEKQAEAQKNLEKAKATKSYGPLKGDIEAYEYLVEKYKDDPEKQAEAQKNLEKAKASAGGG,3.489273673420619,-54.327762603759766,,0.0,False,34,2,68,LKGDIEAYEYLVEKYKDDPEKQAEAQKNLEKAKA
9526,Zist Rayanesh,MLKGDIEAYKYLVEKYKDDPEKQAEAQKKLEEALAKAKEPSPLTKGDIEAYKYLVEKYKDDPEKQAEAQKKLEEALASAG,3.360681796696044,-60.05870056152344,,0.0,False,33,2,66,KGDIEAYKYLVEKYKDDPEKQAEAQKKLEEALA
9527,Zist Rayanesh,MLKGDIEAYKYLVEKYKDDPEKQAEAQKKLEEALANKKDGTIKGDIEAYKYLVEKYKDDPEKQAEAQKKLEEALASAGGG,3.420044291971262,-53.16401290893555,,0.0,False,33,2,66,KGDIEAYKYLVEKYKDDPEKQAEAQKKLEEALA
9528,Zist Rayanesh,MLKGDIEAYKYLVEKYKDDPEKQAEAQKKLEEALANPEKEPVLKGDIEAYKYLVEKYKDDPEKQAEAQKKLEEALASAGG,3.3752466804028383,-46.01935958862305,,0.0,False,34,2,68,LKGDIEAYKYLVEKYKDDPEKQAEAQKKLEEALA
9529,Zist Rayanesh,MLKGDIEAAEYLVKKYKDDPKKQAEAQKKLDEYKAKSKYGVTKGDIEAAEYLVKKYKDDPKKQAEAQKKLDEYKASAGGG,3.346701880661263,-55.59405517578125,,0.0,False,33,2,66,KGDIEAAEYLVKKYKDDPKKQAEAQKKLDEYKA
9530,Zist Rayanesh,MLKGDIEAYKYLVEKYKDDPEKQAEAQKKLEEALADPSKEAVLKGDIEAYKYLVEKYKDDPEKQAEAQKKLEEALASAGG,3.34193234811645,-44.28346252441406,,0.0,False,34,2,68,LKGDIEAYKYLVEKYKDDPEKQAEAQKKLEEALA
9531,Zist Rayanesh,MLKGDIEAYKYLVEKYKDDPEKQAEAQKKLEEALANASKPSPLTKGDIEAYKYLVEKYKDDPEKQAEAQKKLEEALASAG,3.4572807953321574,-58.53294372558594,,0.0,False,33,2,66,KGDIEAYKYLVEKYKDDPEKQAEAQKKLEEALA
9532,Zist Rayanesh,MLKGDIEAAEYLVKKYKDDPKKQAEAQKKLDEYKANKSKVDVLKGDIEAAEYLVKKYKDDPKKQAEAQKKLDEYKASAGG,3.346413285832459,-44.85432052612305,,0.0,False,34,2,68,LKGDIEAAEYLVKKYKDDPKKQAEAQKKLDEYKA
9533,Zist Rayanesh,MLKGDIEAAEYLVKKYKDDPKKQAEAQKKLDEYKAKAKEPFGPLKGDIEAAEYLVKKYKDDPKKQAEAQKKLDEYKASAG,3.309340758286914,-60.85124588012695,,0.0,False,34,2,68,LKGDIEAAEYLVKKYKDDPKKQAEAQKKLDEYKA
9534,Zist Rayanesh,MLKGDIEAAEYLVKKYKDDPKKQAEAQKKLDEYKANAGKAPSPLKGDIEAAEYLVKKYKDDPKKQAEAQKKLDEYKASAG,3.348979481138409,-46.87243270874024,,0.0,False,34,2,68,LKGDIEAAEYLVKKYKDDPKKQAEAQKKLDEYKA
9535,Zist Rayanesh,MLKGDIEALEELKKSKTASPEVKKGAKEVWERIKKGKEPYLNKGDIEALEELKKSKTASPEVKKGAKEVWERIKKGGGGG,3.4493023755004457,-43.773223876953125,,0.0,False,34,2,68,KGDIEALEELKKSKTASPEVKKGAKEVWERIKKG
9536,Zist Rayanesh,MLKGDIEAAEYLVKKYKDDPKKQAEAQKKLDEYKAGGESVLKGDIEAAEYLVKKYKDDPKKQAEAQKKLDEYKASAGGGG,3.3292260904527358,-38.647159576416016,,0.0,False,34,2,68,LKGDIEAAEYLVKKYKDDPKKQAEAQKKLDEYKA
9537,Zist Rayanesh,MLKGDIEAYKYLVEKYKDDPEKQAEAQKKLEEALAGKNKKGAVTKGDIEAYKYLVEKYKDDPEKQAEAQKKLEEALASAG,3.3899089604096004,-55.693885803222656,,0.0,False,33,2,66,KGDIEAYKYLVEKYKDDPEKQAEAQKKLEEALA
9538,Zist Rayanesh,MLKGDIEAYKYLVEKYKDDPEKQAEAQKKLEEALANPEKEATLKGDIEAYKYLVEKYKDDPEKQAEAQKKLEEALASAGG,3.3881741528572933,-47.62749099731445,,0.0,False,34,2,68,LKGDIEAYKYLVEKYKDDPEKQAEAQKKLEEALA
9539,Zist Rayanesh,MLKGDIEAAEYLVKKYKDDPKKQAEAQKKLDEYKAGGEKVLKGDIEAAEYLVKKYKDDPKKQAEAQKKLDEYKASAGGGG,3.283576431334405,-37.99131774902344,,0.0,False,34,2,68,LKGDIEAAEYLVKKYKDDPKKQAEAQKKLDEYKA
9540,Zist Rayanesh,MLKGDIEAYKYLVEKYKDDPEKQAEAQKKLEEALAKQKDGVLKGDIEAYKYLVEKYKDDPEKQAEAQKKLEEALASAGGG,3.320567341720843,-45.13253784179688,,0.0,False,34,2,68,LKGDIEAYKYLVEKYKDDPEKQAEAQKKLEEALA
9541,Zist Rayanesh,MLKGDIEAAEYLVKKYKDDPKKQAEAQKKLDEYKANKEKVDVLKGDIEAAEYLVKKYKDDPKKQAEAQKKLDEYKASAGG,3.3147967231701987,-44.24703979492188,,0.0,False,34,2,68,LKGDIEAAEYLVKKYKDDPKKQAEAQKKLDEYKA
9542,Zist Rayanesh,MLKGDIEAAKLLIEKKDPNEEHLKTAKEVLKKAGEPEPLIKGDIEAAKLLIEKKDPNEEHLKTAKEVLKKAEEEGGGGSG,3.3290245904193845,-61.65925979614258,,0.0,True,31,2,62,KGDIEAAKLLIEKKDPNEEHLKTAKEVLKKA
9543,Zist Rayanesh,MLKGDIEAYEYLVEKYKDDPEKQAEAQKNLEKAKAEKGAPTPTKGDIEAYEYLVEKYKDDPEKQAEAQKNLEKAKASAGG,3.4723348919355694,-57.93437957763672,,0.0,False,33,2,66,KGDIEAYEYLVEKYKDDPEKQAEAQKNLEKAKA
9545,Zist Rayanesh,MLKGDIEAAKLLIEKKDPNEEHLKTAKEVLKKGEYYLTKGDIEAAKLLIEKKDPNEEHLKTAKEVLKKAEEILKGGGGSG,3.4011487839735652,-64.81889343261719,,0.0,True,30,2,60,KGDIEAAKLLIEKKDPNEEHLKTAKEVLKK
9546,Zist Rayanesh,MLKGDIEAYKYLVEKYKDDPEKQAEAQKKLEEALAGTKKKGAVTKGDIEAYKYLVEKYKDDPEKQAEAQKKLEEALASAG,3.364908960409601,-56.5298957824707,,0.0,False,33,2,66,KGDIEAYKYLVEKYKDDPEKQAEAQKKLEEALA
9547,Zist Rayanesh,MLKGDIEAAEYLVKKYKDDPKKQAEAQKKLDEYKAGGDKVLKGDIEAAEYLVKKYKDDPKKQAEAQKKLDEYKASAGGGG,3.283576431334405,-36.704776763916016,,0.0,False,34,2,68,LKGDIEAAEYLVKKYKDDPKKQAEAQKKLDEYKA
9548,Zist Rayanesh,MLKGDIEAAEYLVKKYKDDPKKQAEAQKKLDEYKAGKYGYTKGDIEAAEYLVKKYKDDPKKQAEAQKKLDEYKASAGGGG,3.317252956951422,-49.88920211791992,,0.0,False,33,2,66,KGDIEAAEYLVKKYKDDPKKQAEAQKKLDEYKA
9549,Zist Rayanesh,MLKGDIEAYEYLVEKYKDDPEKQAEAQKNLEKAKATGHKYLKGDIEAYEYLVEKYKDDPEKQAEAQKNLEKAKASAGGGG,3.4969383990717082,-52.19860076904297,,0.0,False,34,2,68,LKGDIEAYEYLVEKYKDDPEKQAEAQKNLEKAKA
9550,Zist Rayanesh,MLKGDIEAAKLLIEKKDPNEEHLKTAKEVLKKEGEEEPLIKGDIEAAKLLIEKKDPNEEHLKTAKEVLKKAEKEGGGGSG,3.2879010738732006,-62.531715393066406,,0.0,True,30,2,60,KGDIEAAKLLIEKKDPNEEHLKTAKEVLKK
9551,Zist Rayanesh,MLKGDIEAAKLLIEKKDPNEEHLKTAKEVLKKEGEEEPLIKGDIEAAKLLIEKKDPNEEHLKTAKEVLKKAEEEGGGGSG,3.2879010738732006,-62.70124816894531,,0.0,True,30,2,60,KGDIEAAKLLIEKKDPNEEHLKTAKEVLKK
9552,Zist Rayanesh,MLKGDIEAAEYLVKKYKDDPKKQAEAQKKLDEYKAKKKLGYLKGDIEAAEYLVKKYKDDPKKQAEAQKKLDEYKASAGGG,3.233113624931142,-48.53981399536133,,0.0,False,34,2,68,LKGDIEAAEYLVKKYKDDPKKQAEAQKKLDEYKA
9553,Zist Rayanesh,MLKGDIEAYKYLVEKYKDDPEKQAEAQKKLEEALANKKEGTLKGDIEAYKYLVEKYKDDPEKQAEAQKKLEEALASAGGG,3.3883182304645456,-48.228763580322266,,0.0,False,34,2,68,LKGDIEAYKYLVEKYKDDPEKQAEAQKKLEEALA
9554,Zist Rayanesh,MLKGDIEAAEYLVKKYKDDPKKQAEAQKKLDEYKATKKYGVTKGDIEAAEYLVKKYKDDPKKQAEAQKKLDEYKASAGGG,3.346701880661263,-55.74985122680664,,0.0,False,33,2,66,KGDIEAAEYLVKKYKDDPKKQAEAQKKLDEYKA
9555,Zist Rayanesh,MLKGDIEAAKLLIEKKDPNEEHLKTAKEVLKKKGETVYTKGDIEAAKLLIEKKDPNEEHLKTAKEVLKKAEEQIGGGGSG,3.470204068873933,-69.13111114501953,,0.0,True,30,2,60,KGDIEAAKLLIEKKDPNEEHLKTAKEVLKK
9556,Zist Rayanesh,MLKGDIEALEELKKSKTASPEVKKGAKEVWERIKKGERTLNKGDIEALEELKKSKTASPEVKKGAKEVWERIKKGGGGGG,3.4250851051400253,-37.575416564941406,,0.0,False,34,2,68,KGDIEALEELKKSKTASPEVKKGAKEVWERIKKG
9557,Zist Rayanesh,MLKGDIEAAKLLIEKKDPNEEHLKTAKEVLKKGEYYLTKGDIEAAKLLIEKKDPNEEHLKTAKEVLKKAEEMLKGGGGSG,3.421269289904025,-62.32447052001953,,0.0,True,30,2,60,KGDIEAAKLLIEKKDPNEEHLKTAKEVLKK
9558,Zist Rayanesh,SLETQQLKEAAKVATPEQKPKVIALYKERKAANKPTDLETQQLKEAAKVATPEQKPKVIALYKERKAAEAKAAAGGGGSG,3.4759185279654665,-58.43812942504883,,0.0,True,31,2,62,LETQQLKEAAKVATPEQKPKVIALYKERKAA
9559,Zist Rayanesh,MLKGDIEAAEYLVKKYKDDPKKQAEAQKKLDEYKATKKHGVTKGDIEAAEYLVKKYKDDPKKQAEAQKKLDEYKASAGGG,3.3984732487872162,-56.40956878662109,,0.0,False,33,2,66,KGDIEAAEYLVKKYKDDPKKQAEAQKKLDEYKA
9560,Zist Rayanesh,MLKGDIEAYKYLVEKYKDDPEKQAEAQKKLEEALANPDKEAVLKGDIEAYKYLVEKYKDDPEKQAEAQKKLEEALASAGG,3.36693234811645,-43.63346099853516,,0.0,False,34,2,68,LKGDIEAYKYLVEKYKDDPEKQAEAQKKLEEALA
9561,Zist Rayanesh,MLKGDIEAAKLLIEKKDPNEEHLKTAKEVLKKEGEPEPLTKGDIEAAKLLIEKKDPNEEHLKTAKEVLKKAEEQGGGGSG,3.394065446892761,-69.2823486328125,,0.0,True,30,2,60,KGDIEAAKLLIEKKDPNEEHLKTAKEVLKK
9562,Zist Rayanesh,MLKGDIEAYEYLVEKYKDDPEKQAEAQKNLEKAKANKEAPTPTKGDIEAYEYLVEKYKDDPEKQAEAQKNLEKAKASAGG,3.483019304088986,-53.16881561279297,,0.0,False,33,2,66,KGDIEAYEYLVEKYKDDPEKQAEAQKNLEKAKA
9563,Zist Rayanesh,MLKGDIEAYKYLVEKYKDDPEKQAEAQKKLEEALAGKDKPSALTKGDIEAYKYLVEKYKDDPEKQAEAQKKLEEALASAG,3.372487507659844,-56.07443237304688,,0.0,False,33,2,66,KGDIEAYKYLVEKYKDDPEKQAEAQKKLEEALA
9564,Zist Rayanesh,MLKGDIEAYKYLVEKYKDDPEKQAEAQKKLEEALANKSTSYLKGDIEAYKYLVEKYKDDPEKQAEAQKKLEEALASAGGG,3.456897542598332,-50.84487915039063,,0.0,False,34,2,68,LKGDIEAYKYLVEKYKDDPEKQAEAQKKLEEALA
9565,Zist Rayanesh,MLKGDIEAAEYLVKKYKDDPKKQAEAQKKLDEYKAGKEGVNKGDIEAAEYLVKKYKDDPKKQAEAQKKLDEYKASAGGGG,3.3323281129580313,-52.55738830566406,,0.0,False,33,2,66,KGDIEAAEYLVKKYKDDPKKQAEAQKKLDEYKA
9567,Zist Rayanesh,MLKGDIEAAEYLVKKYKDDPKKQAEAQKKLDEYKANKSKVSVLKGDIEAAEYLVKKYKDDPKKQAEAQKKLDEYKASAGG,3.368593754717676,-44.376731872558594,,0.0,False,34,2,68,LKGDIEAAEYLVKKYKDDPKKQAEAQKKLDEYKA
9568,Zist Rayanesh,MLKGDIEAAEYLVKKYKDDPKKQAEAQKKLDEYKAGTKKDPVLKGDIEAAEYLVKKYKDDPKKQAEAQKKLDEYKASAGG,3.3324205923479124,-44.94301986694336,,0.0,False,34,2,68,LKGDIEAAEYLVKKYKDDPKKQAEAQKKLDEYKA
9569,Zist Rayanesh,MLKGDIEAYKYLVEKYKDDPEKQAEAQKKLEEALANKNKPLGYTKGDIEAYKYLVEKYKDDPEKQAEAQKKLEEALASAG,3.434560035205389,-56.013580322265625,,0.0,False,33,2,66,KGDIEAYKYLVEKYKDDPEKQAEAQKKLEEALA
9570,Zist Rayanesh,MLKGDIEAAKLLIEKKDPNEEHLKTAKEVLKKGESSYTKGDIEAAKLLIEKKDPNEEHLKTAKEVLKKAEEEIKGGGGSG,3.420802317934737,-64.84657287597656,,0.0,True,30,2,60,KGDIEAAKLLIEKKDPNEEHLKTAKEVLKK
9571,Zist Rayanesh,MLKGDIEAYEYLVEKYKDDPEKQAEAQKNLEKAKASGSSLLKGDIEAYEYLVEKYKDDPEKQAEAQKNLEKAKASAGGGG,3.463193274388225,-33.07486343383789,,0.0,False,35,2,70,LKGDIEAYEYLVEKYKDDPEKQAEAQKNLEKAKAS
9572,Zist Rayanesh,MLKGDIEAAEYLVKKYKDDPKKQAEAQKKLDEYKANASKAPAPLKGDIEAAEYLVKKYKDDPKKQAEAQKKLDEYKASAG,3.3245777301992128,-53.72345733642578,,0.0,False,34,2,68,LKGDIEAAEYLVKKYKDDPKKQAEAQKKLDEYKA
9573,Zist Rayanesh,MLKGDIEAYEYLVEKYKDDPEKQAEAQKNLEKAKAGGSSLLKGDIEAYEYLVEKYKDDPEKQAEAQKNLEKAKASAGGGG,3.4494007362912225,-37.992435455322266,,0.0,True,34,2,68,LKGDIEAYEYLVEKYKDDPEKQAEAQKNLEKAKA
9574,Zist Rayanesh,MLKGDIEAYKYLVEKYKDDPEKQAEAQKKLEEALATKKRGYLKGDIEAYKYLVEKYKDDPEKQAEAQKKLEEALASAGGG,3.400123941428346,-54.00498962402344,,0.0,False,34,2,68,LKGDIEAYKYLVEKYKDDPEKQAEAQKKLEEALA
9575,Zist Rayanesh,SLETQQLKEAAKVATPEQKPKVIALYKERKAKDLPTDLETQQLKEAAKVATPEQKPKVIALYKERKAAEEKAKAGGGGSG,3.4729463811264094,-66.03095245361328,,0.0,True,30,2,60,LETQQLKEAAKVATPEQKPKVIALYKERKA
9576,Zist Rayanesh,SLETQQLKEAAKVATPEQKPKVIALYKERKAADKPLDLETQQLKEAAKVATPEQKPKVIALYKERKAAEAKYKAGGGGSG,3.477289585316333,-63.60474395751953,,0.0,True,31,2,62,LETQQLKEAAKVATPEQKPKVIALYKERKAA
9577,Zist Rayanesh,SLETQQLKEAAKVATPEQKPKVIALYKERKAKDKPTDLETQQLKEAAKVATPEQKPKVIALYKERKAAEEAYKAGGGGSG,3.4902816554753198,-72.37588500976562,,0.0,True,30,2,60,LETQQLKEAAKVATPEQKPKVIALYKERKA
9578,Zist Rayanesh,SLETQQLKEAAKVATPEQKPKVIALYKERKANPNKVLDIETQQLKEAAKVATPEQKPKVIALYKERKAAEEKQKGGGGSG,3.564159893984665,-71.79462432861328,,0.0,True,29,2,58,ETQQLKEAAKVATPEQKPKVIALYKERKA
9580,Zist Rayanesh,SLETQQLKEAAKVATPEQKPKVIALYKERKAGKVTDIETQQLKEAAKVATPEQKPKVIALYKERKAAEDKWKAAGGGGSG,3.54890610467398,-73.11479187011719,,0.0,True,29,2,58,ETQQLKEAAKVATPEQKPKVIALYKERKA
9581,Zist Rayanesh,SLETQQLKEAAKVATPEQKPKVIALYKERKANPKKYPDIETQQLKEAAKVATPEQKPKVIALYKERKAAEEAAKGGGGSG,3.525966067628736,-66.49417877197266,,0.0,True,29,2,58,ETQQLKEAAKVATPEQKPKVIALYKERKA
9582,Zist Rayanesh,SLETQQLKEAAKVATPEQKPKVIALYKERKANPDKYPSIETQQLKEAAKVATPEQKPKVIALYKERKAAEEKAKGGGGSG,3.5551070529414472,-70.52345275878906,,0.0,True,29,2,58,ETQQLKEAAKVATPEQKPKVIALYKERKA
9583,Zist Rayanesh,SLETQQLKEAAKVATPEQKPKVIALYKERKAGTTTDIETQQLKEAAKVATPEQKPKVIALYKERKAAEEKAKAAGGGGSG,3.461168329810563,-62.25191879272461,,0.0,True,29,2,58,ETQQLKEAAKVATPEQKPKVIALYKERKA
9585,Zist Rayanesh,MLKGDIEALEELKKSKTASPEVKKGAKEVWERIKKGKLPDLTKGDIEALEELKKSKTASPEVKKGAKEVWERIKKGGGGG,3.3922358989101595,-40.71341323852539,,0.0,False,34,2,68,KGDIEALEELKKSKTASPEVKKGAKEVWERIKKG
9586,Zist Rayanesh,MLKGDIEALEELKKSKTASPEVKKGAKEVWERIKKGKLFDLTKGDIEALEELKKSKTASPEVKKGAKEVWERIKKGGGGG,3.426671992687203,-40.39706039428711,,0.0,False,34,2,68,KGDIEALEELKKSKTASPEVKKGAKEVWERIKKG
9587,Zist Rayanesh,SLETQQLKEAAKVATPEQKPKVIALYKERKANPKKYPDIETQQLKEAAKVATPEQKPKVIALYKERKAAEKAAAGGGGSG,3.5196248596652433,-66.33406829833984,,0.0,True,29,2,58,ETQQLKEAAKVATPEQKPKVIALYKERKA
9588,Zist Rayanesh,MLKGDIEAYKYLVEKYKDDPEKQAEAQKKLEEALANKKSGTIKGDIEAYKYLVEKYKDDPEKQAEAQKKLEEALASAGGG,3.446815660097216,-53.0780029296875,,0.0,False,33,2,66,KGDIEAYKYLVEKYKDDPEKQAEAQKKLEEALA
9589,Zist Rayanesh,MLKGDIEAYEYLVEKYKDDPEKQAEAQKNLEKAKADADKNPLTKGDIEAYEYLVEKYKDDPEKQAEAQKNLEKAKASAGG,3.4572807953321574,-58.059814453125,,0.0,False,33,2,66,KGDIEAYEYLVEKYKDDPEKQAEAQKNLEKAKA
9590,Zist Rayanesh,MLKGDIEAAKLLIEKKDPNEEHLKTAKEVLKKKGETTYNKGDIEAAKLLIEKKDPNEEHLKTAKEVLKKAEEVIGGGGSG,3.4357679750968897,-71.79945373535156,,0.0,True,30,2,60,KGDIEAAKLLIEKKDPNEEHLKTAKEVLKK
9591,Zist Rayanesh,MLKGDIEAAKLLIEKKDPNEEHLKTAKEVLKKGEYYLTKGDIEAAKLLIEKKDPNEEHLKTAKEVLKKAEELEKGGGGSG,3.381303632741872,-63.40249633789063,,0.0,True,30,2,60,KGDIEAAKLLIEKKDPNEEHLKTAKEVLKK
9592,Zist Rayanesh,MLKGDIEAYKYLVEKYKDDPEKQAEAQKKLEEALAGKDKKSALTKGDIEAYKYLVEKYKDDPEKQAEAQKKLEEALASAG,3.3383377476711904,-55.33796691894531,,0.0,False,33,2,66,KGDIEAYKYLVEKYKDDPEKQAEAQKKLEEALA
9593,Zist Rayanesh,SLETQQLKEAAKVATPEQKPKVIALYKERKANPHKYPSIETQQLKEAAKVATPEQKPKVIALYKERKAAEEAYKGGGGSG,3.5807980220350073,-77.76988983154297,,0.0,True,29,2,58,ETQQLKEAAKVATPEQKPKVIALYKERKA
9594,Zist Rayanesh,MLKGDIEAAKLLIEKGDPNEEHLKTAKEVLEKEGKPEKPLKGDIEAAKLLIEKGDPNEEHLKTAKEVLEKGKLKGGGGSG,3.3104251008479375,-59.30250930786133,,0.0,True,31,2,62,LKGDIEAAKLLIEKGDPNEEHLKTAKEVLEK
9595,Zist Rayanesh,MLKGDIEAAKLLIEKKDPNEEHLKTAKEVLKKGESSLTKGDIEAAKLLIEKKDPNEEHLKTAKEVLKKAEEELAGGGGSG,3.3610969484105664,-67.29277038574219,,0.0,True,30,2,60,KGDIEAAKLLIEKKDPNEEHLKTAKEVLKK
9596,Zist Rayanesh,MLKGDIEAAKLLIEKGDPNEEHLKTAKEVLEKEGKPEGPLKGDIEAAKLLIEKGDPNEEHLKTAKEVLEKGKKKGGGGSG,3.3087834090041004,-60.86676788330078,,0.0,True,31,2,62,LKGDIEAAKLLIEKGDPNEEHLKTAKEVLEK
9597,Zist Rayanesh,MLKGDIEALEELKKSKTASPEVKKGAKEVWERIEKGERSLNKGDIEALEELKKSKTASPEVKKGAKEVWERIKKGGGGGG,3.4190823073832783,-49.069435119628906,,0.0,False,31,2,62,KGDIEALEELKKSKTASPEVKKGAKEVWERI
9598,Zist Rayanesh,MLKGDIEAAEYLVKKYKDDPKKQAEAQKKLDEYKANAKKAYGPLKGDIEAAEYLVKKYKDDPKKQAEAQKKLDEYKASAG,3.2911727799564234,-55.65616607666016,,0.0,False,34,2,68,LKGDIEAAEYLVKKYKDDPKKQAEAQKKLDEYKA
9599,Zist Rayanesh,SLETQQLKEAAEVATPEQKPKVIAAYQAAKANPNISASFETQQLKEAAEVATPEQKPKVIAAYQAAKAKEAARKGGGGSG,3.482074536506323,-64.16873931884766,,0.0,True,29,2,58,ETQQLKEAAEVATPEQKPKVIAAYQAAKA
9600,Zist Rayanesh,MLKGDIEAYKYLVEKYKDDPEKQAEAQKKLEEALAKAKEKSPLTKGDIEAYKYLVEKYKDDPEKQAEAQKKLEEALASAG,3.3326598491533033,-58.37797927856445,,0.0,False,33,2,66,KGDIEAYKYLVEKYKDDPEKQAEAQKKLEEALA
9601,Zist Rayanesh,MLKGDIEAYKYLVEKYKDDPEKQAEAQKKLEEALAGKTKKGAVTKGDIEAYKYLVEKYKDDPEKQAEAQKKLEEALASAG,3.364908960409601,-54.84074783325195,,0.0,False,33,2,66,KGDIEAYKYLVEKYKDDPEKQAEAQKKLEEALA
9602,Zist Rayanesh,SLETQQLKEAAKVATPEQKPKVIALYKERKAKNKPTDLETQQLKEAAKVATPEQKPKVIALYKERKAAEAAAAAGGGGSG,3.4759185279654665,-57.72250747680664,,0.0,True,30,2,60,LETQQLKEAAKVATPEQKPKVIALYKERKA
9604,Zist Rayanesh,SLETQQLKEAAEVATPEQKPKVIAAYQAAKANPNISASFETQQLKEAAEVATPEQKPKVIAAYQAAKAKEAAAKGGGGSG,3.410475297227334,-60.62681198120117,,0.0,True,29,2,58,ETQQLKEAAEVATPEQKPKVIAAYQAAKA
9605,Zist Rayanesh,SLETQQLKEAAKVATPEQKPKVIALYKERKAKNKPTDLETQQLKEAAKVATPEQKPKVIALYKERKAAEAKAAAGGGGSG,3.477121665972353,-62.5780029296875,,0.0,True,30,2,60,LETQQLKEAAKVATPEQKPKVIALYKERKA
9606,Zist Rayanesh,MLKGDIEAAKLLIEKKDPNEEHLKTAKEVLKKKGETTYIKGDIEAAKLLIEKKDPNEEHLKTAKEVLKKAEEQKGGGGSG,3.4349928910921532,-65.76781463623047,,0.0,True,30,2,60,KGDIEAAKLLIEKKDPNEEHLKTAKEVLKK
9607,Zist Rayanesh,MLKGDIEAYEYLVEKYKDDPEKQAEAQKNLEKAKATKDKNVLLKGDIEAYEYLVEKYKDDPEKQAEAQKNLEKAKASAGG,3.454480385748306,-47.49502182006836,,0.0,False,34,2,68,LKGDIEAYEYLVEKYKDDPEKQAEAQKNLEKAKA
9608,Zist Rayanesh,SLETQQLKEAAKVATPEQKPKVIALYKERKAGSVLSYETQQLKEAAKVATPEQKPKVIALYKERKAAEEKYKAAGGGGSG,3.4623414488757134,-70.93316650390625,,0.0,True,29,2,58,ETQQLKEAAKVATPEQKPKVIALYKERKA
9609,Zist Rayanesh,SLETQQLKEAAKVATPEQKPKVIALYKERKANPNKVISLETQQLKEAAKVATPEQKPKVIALYKERKAAEAAQKGGGGSG,3.5289535180875,-54.29325485229492,,0.0,True,31,2,62,SLETQQLKEAAKVATPEQKPKVIALYKERKA
9610,Zist Rayanesh,MLKGDIEAYKYLVEKYKDDPEKQAEAQKKLEEALADGSKESVLKGDIEAYKYLVEKYKDDPEKQAEAQKKLEEALASAGG,3.3588843697315345,-47.48188400268555,,0.0,False,34,2,68,LKGDIEAYKYLVEKYKDDPEKQAEAQKKLEEALA
9611,Zist Rayanesh,MLKGDIEAAKLLIEKGDPNEEHLKTAKEVLEKEGKPEKPLKGDIEAAKLLIEKGDPNEEHLKTAKEVLEKGKPPGGGGSG,3.3444417623189615,-58.22488021850586,,0.0,True,31,2,62,LKGDIEAAKLLIEKGDPNEEHLKTAKEVLEK
9612,Zist Rayanesh,MLKGDIEAYKYLVEKYKDDPEKQAEAQKKLEEALANKGTSYLKGDIEAYKYLVEKYKDDPEKQAEAQKKLEEALASAGGG,3.442581954751749,-55.64769744873047,,0.0,False,34,2,68,LKGDIEAYKYLVEKYKDDPEKQAEAQKKLEEALA
9613,Zist Rayanesh,MLKGDIEAAKLLIEKKDPNEEHLKTAKEVLKKGESAYTKGDIEAAKLLIEKKDPNEEHLKTAKEVLKKAEKKKKGGGGSG,3.3626490396180446,-61.486793518066406,,0.0,True,30,2,60,KGDIEAAKLLIEKKDPNEEHLKTAKEVLKK
9614,Zist Rayanesh,MLKGDIEALEELKKSKTASPEVKKGAKEVWERIEKGERSLLKGDIEALEELKKSKTASPEVKKGAKEVWERIKKGGGGGG,3.367310939257325,-39.20734024047852,,0.0,False,32,2,64,LKGDIEALEELKKSKTASPEVKKGAKEVWERI
9615,Zist Rayanesh,MLKGDIEAYKYLVEKYKDDPEKQAEAQKKLEEALANKSSSYLKGDIEAYKYLVEKYKDDPEKQAEAQKKLEEALASAGGG,3.4163336363753753,-49.26787567138672,,0.0,False,34,2,68,LKGDIEAYKYLVEKYKDDPEKQAEAQKKLEEALA
9616,Zist Rayanesh,MLKGDIEAAEYLVKKYKDDPKKQAEAQKKLDEYKAGTKKDGVLKGDIEAAEYLVKKYKDDPKKQAEAQKKLDEYKASAGG,3.3181050045013287,-46.0069580078125,,0.0,False,34,2,68,LKGDIEAAEYLVKKYKDDPKKQAEAQKKLDEYKA
9617,Zist Rayanesh,MLKGDIEAAKLLIEKKDPNEEHLKTAKEVLKKKGETVLTKGDIEAAKLLIEKKDPNEEHLKTAKEVLKKAEELKGGGGSG,3.326622018345202,-67.83634948730469,,0.0,True,30,2,60,KGDIEAAKLLIEKKDPNEEHLKTAKEVLKK
9618,Zist Rayanesh,MLKGDIEAAKLLIEKKDPNEEHLKTAKEVLKKGESSYIKGDIEAAKLLIEKKDPNEEHLKTAKEVLKKAEEQIKGGGGSG,3.4714523872503067,-63.78050231933594,,0.0,True,30,2,60,KGDIEAAKLLIEKKDPNEEHLKTAKEVLKK
9619,Zist Rayanesh,SLETQQLKEAAKVATPEQKPKVIALYKERKALDKPTDLETQQLKEAAKVATPEQKPKVIALYKERKAAEDKAAAGGGGSG,3.4984239547023894,-68.08010864257812,,0.0,True,30,2,60,LETQQLKEAAKVATPEQKPKVIALYKERKA
9620,Zist Rayanesh,MLKGDIEAAKLLIEKKDPNEEHLKTAKEVLKKGESTLTKGDIEAAKLLIEKKDPNEEHLKTAKEVLKKAEEELKGGGGSG,3.3407397265189154,-67.05973052978516,,0.0,True,30,2,60,KGDIEAAKLLIEKKDPNEEHLKTAKEVLKK
9621,Zist Rayanesh,SLETQQLKEAAEVATPEQKPKVIAAYQAAKAGKANSLETQQLKEAAEVATPEQKPKVIAAYQAAKAKEAAYKAAGGGGSG,3.2989119860748755,-54.85986709594727,,0.0,True,31,2,62,SLETQQLKEAAEVATPEQKPKVIAAYQAAKA
9622,Zist Rayanesh,MLKGDIEAYEYLVEKYKDDPEKQAEAQKNLEKAKATGTKYLKGDIEAYEYLVEKYKDDPEKQAEAQKNLEKAKASAGGGG,3.4719383990717083,-50.17915344238281,,0.0,False,34,2,68,LKGDIEAYEYLVEKYKDDPEKQAEAQKNLEKAKA
9623,Zist Rayanesh,MLKGDIEAAKLLIEKKDPNEEHLKTAKEVLKKVDEEVLNKGDIEAAKLLIEKKDPNEEHLKTAKEVLKKAEEQKGGGGSG,3.4009704068330793,-63.399993896484375,,0.0,True,30,2,60,KGDIEAAKLLIEKKDPNEEHLKTAKEVLKK
9624,Zist Rayanesh,MLKGDIEAAKLLIEKKDPNEEHLKTAKEVLKKKDEEVLNKGDIEAAKLLIEKKDPNEEHLKTAKEVLKKAEELEGGGGSG,3.314848602037812,-65.2236099243164,,0.0,True,30,2,60,KGDIEAAKLLIEKKDPNEEHLKTAKEVLKK
9625,Zist Rayanesh,SLETQQLKEAAKVATPEQKPKVIALYKERKANPDKVLSIETQQLKEAAKVATPEQKPKVIALYKERKAAEPKPPGGGGSG,3.576494998779212,-76.36373138427734,,0.0,True,29,2,58,ETQQLKEAAKVATPEQKPKVIALYKERKA
9626,Zist Rayanesh,SLETQQLKEAAKVATPEQKPKVIALYKERKAKDKPTDLETQQLKEAAKVATPEQKPKVIALYKERKAAEAAAAAGGGGSG,3.4509185279654666,-59.62375259399414,,0.0,True,30,2,60,LETQQLKEAAKVATPEQKPKVIALYKERKA
9627,Zist Rayanesh,MLKGDIEAAEYLVKKYKDDPKKQAEAQKKLDEYKAKKKFGVTKGDIEAAEYLVKKYKDDPKKQAEAQKKLDEYKASAGGG,3.3509719490296317,-54.104434967041016,,0.0,False,33,2,66,KGDIEAAEYLVKKYKDDPKKQAEAQKKLDEYKA
9628,Zist Rayanesh,MLKGDIEAYKYLVEKYKDDPEKQAEAQKKLEEALAGTKKDGVIKGDIEAYKYLVEKYKDDPEKQAEAQKKLEEALASAGG,3.385608198194219,-54.43584060668945,,0.0,False,33,2,66,KGDIEAYKYLVEKYKDDPEKQAEAQKKLEEALA
9629,Zist Rayanesh,MLKGDIEAAKLLIEKKDPNEEHLKTAKEVLKKVNETVYIKGDIEAAKLLIEKKDPNEEHLKTAKEVLKKAEEYKGGGGSG,3.4651244194168496,-67.22144317626953,,0.0,True,30,2,60,KGDIEAAKLLIEKKDPNEEHLKTAKEVLKK
9630,Zist Rayanesh,MLKGDIEAAKLLIEKKDPNEEHLKTAKEVLKKKGETTLTKGDIEAAKLLIEKKDPNEEHLKTAKEVLKKAEEIIGGGGSG,3.3521435258982297,-71.53118133544922,,0.0,True,30,2,60,KGDIEAAKLLIEKKDPNEEHLKTAKEVLKK
9631,Zist Rayanesh,SLETQQLKEAAEVATPEQKPKVIAAYQAAKANPNQSASFETQQLKEAAEVATPEQKPKVIAAYQAAKAKEAARKGGGGSG,3.4598940676211063,-63.67986679077149,,0.0,True,29,2,58,ETQQLKEAAEVATPEQKPKVIAAYQAAKA
9632,Zist Rayanesh,MLKGDIEAAKLLIEKKDPNEEHLKTAKEVLKKKDETVYIKGDIEAAKLLIEKKDPNEEHLKTAKEVLKKAEKKNGGGGSG,3.408847968121946,-64.6305923461914,,0.0,True,30,2,60,KGDIEAAKLLIEKKDPNEEHLKTAKEVLKK
9633,Zist Rayanesh,MLKGDIEAAKLLIEKGDPNEEHLKTAKEVLEKKESSVLKGDIEAAKLLIEKGDPNEEHLKTAKEVLEKGKPPEKGGGGSG,3.4048725980206695,-58.49422836303711,,0.0,True,31,2,62,LKGDIEAAKLLIEKGDPNEEHLKTAKEVLEK
9634,Zist Rayanesh,MLKGDIEAAKLLIEKKDPNEEHLKTAKEVLKKEGEPLPLTKGDIEAAKLLIEKKDPNEEHLKTAKEVLKKAEEQGGGGSG,3.399889486507569,-67.45050048828125,,0.0,True,30,2,60,KGDIEAAKLLIEKKDPNEEHLKTAKEVLKK
9635,Zist Rayanesh,MLKGDIEAAKLLIEKKDPNEEHLKTAKEVLKKKGETTYNKGDIEAAKLLIEKKDPNEEHLKTAKEVLKKAEELIGGGGSG,3.4115796196752735,-70.26081848144531,,0.0,True,30,2,60,KGDIEAAKLLIEKKDPNEEHLKTAKEVLKK
9637,Zist Rayanesh,SLETQQLKEAAKVATPEQKPKVIALYKERKAGSVLSYETQQLKEAAKVATPEQKPKVIALYKERKAAEAAYKAAGGGGSG,3.454711022757857,-68.5374755859375,,0.0,True,29,2,58,ETQQLKEAAKVATPEQKPKVIALYKERKA
9639,Zist Rayanesh,SLETQQLKEAAKVATPEQKPKVIALYKERKAADKPLDLETQQLKEAAKVATPEQKPKVIALYKERKAAEEKYNAGGGGSG,3.5498856685963425,-65.76902770996094,,0.0,True,31,2,62,LETQQLKEAAKVATPEQKPKVIALYKERKAA
9640,Zist Rayanesh,MLKGDIEAAKLLIEKKDPNEEHLKTAKEVLKKGESSYTKGDIEAAKLLIEKKDPNEEHLKTAKEVLKKAEEELKGGGGSG,3.4072983746665373,-63.20124435424805,,0.0,True,30,2,60,KGDIEAAKLLIEKKDPNEEHLKTAKEVLKK
9641,Zist Rayanesh,MLKGDIEAAKLLIEKGDPNEEHLKTAKEVLEKEGKPEGPTKGDIEAAKLLIEKGDPNEEHLKTAKEVLEKGKLKGGGGSG,3.34180532855046,-64.56008911132812,,0.0,True,30,2,60,KGDIEAAKLLIEKGDPNEEHLKTAKEVLEK
9642,Zist Rayanesh,MLKGDIEAAKLLIEKKDPNEEHLKTAKEVLKKGESAYTKGDIEAAKLLIEKKDPNEEHLKTAKEVLKKAEPKNRGGGGSG,3.5056730220201016,-67.15557098388672,,0.0,True,30,2,60,KGDIEAAKLLIEKKDPNEEHLKTAKEVLKK
9643,Zist Rayanesh,SLETQQLKEAAKVATPEQKPKVIALYKERKAKDKPTDLETQQLKEAAKVATPEQKPKVIALYKERKAAEEKAAAGGGGSG,3.4597520920902096,-64.40860748291016,,0.0,True,30,2,60,LETQQLKEAAKVATPEQKPKVIALYKERKA
9644,Zist Rayanesh,SLETQQLKEAAKVATPEQKPKVIALYKERKAGGYLTYETQQLKEAAKVATPEQKPKVIALYKERKAAEDKWKAAGGGGSG,3.544194529948419,-72.25216674804688,,0.0,True,29,2,58,ETQQLKEAAKVATPEQKPKVIALYKERKA
9645,Zist Rayanesh,MLKGDIEAAKLLIEKGDPNEEHLKTAKEVLEKEGKPEGPTKGDIEAAKLLIEKGDPNEEHLKTAKEVLEKGKPPGGGGSG,3.3728124655115495,-65.9774398803711,,0.0,True,30,2,60,KGDIEAAKLLIEKGDPNEEHLKTAKEVLEK
9646,Zist Rayanesh,MLKGDIEAAKLLIEKKDPNEEHLKTAKEVLKKGESAYTKGDIEAAKLLIEKKDPNEEHLKTAKEVLKKAEPKERGGGGSG,3.47653203670739,-68.65528869628906,,0.0,True,30,2,60,KGDIEAAKLLIEKKDPNEEHLKTAKEVLKK
9647,Zist Rayanesh,MLKGDIEAYEYLVEKYKDDPEKQAEAQKNLEKAKAESSKNVLLKGDIEAYEYLVEKYKDDPEKQAEAQKNLEKAKASAGG,3.4506965943308647,-46.06266784667969,,0.0,False,34,2,68,LKGDIEAYEYLVEKYKDDPEKQAEAQKNLEKAKA
9648,Zist Rayanesh,MLKGDIEAAKLLIEKGDPNEEHLKTAKEVLEKEGKPEGPLKGDIEAAKLLIEKGDPNEEHLKTAKEVLEKGKLKGGGGSG,3.315810586625795,-56.924564361572266,,0.0,True,31,2,62,LKGDIEAAKLLIEKGDPNEEHLKTAKEVLEK
9650,Zist Rayanesh,MLKGDIEAYEYLVEKYKDDPEKQAEAQKNLEKAKAEKPKLLKGDIEAYEYLVEKYKDDPEKQAEAQKNLEKAKASAGGGG,3.383238581007462,-41.26136016845703,,0.0,False,34,2,68,LKGDIEAYEYLVEKYKDDPEKQAEAQKNLEKAKA
9651,Zist Rayanesh,SLETQQLKEAAEVATPEQKPKVIAAYQAAKANPDKYSATFETQQLKEAAEVATPEQKPKVIAAYQAAKAKEAAAGGGGSG,3.4309186975198314,-67.97736358642578,,0.0,True,29,2,58,ETQQLKEAAEVATPEQKPKVIAAYQAAKA
9652,Zist Rayanesh,SLETQQLKEAAKVATPEQKPKVIALYKERKANPDKYPTLETQQLKEAAKVATPEQKPKVIALYKERKAAEEKYKGGGGSG,3.5516156742640357,-75.82833099365234,,0.0,True,30,2,60,LETQQLKEAAKVATPEQKPKVIALYKERKA
9653,Zist Rayanesh,MLKGDIEAAEYLVKKYKDDPKKQAEAQKKLDEYKAKKSFGVTKGDIEAAEYLVKKYKDDPKKQAEAQKKLDEYKASAGGG,3.3984732487872162,-56.17272186279297,,0.0,False,33,2,66,KGDIEAAEYLVKKYKDDPKKQAEAQKKLDEYKA
9654,Zist Rayanesh,SLETQQLKEAAEVATPEQKPKVIAAYQAAKANPDKYSATFETQQLKEAAEVATPEQKPKVIAAYQAAKAKEDAAGGGGSG,3.4775179367988196,-75.75188446044922,,0.0,True,29,2,58,ETQQLKEAAEVATPEQKPKVIAAYQAAKA
9655,Zist Rayanesh,SLETQQLKEAAKVATPEQKPKVIALYKERKANPEKVLSIETQQLKEAAKVATPEQKPKVIALYKERKAAEKDPSGGGGSG,3.5834344558035087,-73.54962158203125,,0.0,True,29,2,58,ETQQLKEAAKVATPEQKPKVIALYKERKA
9656,Zist Rayanesh,MLKGDIEAYKYLVEKYKDDPEKQAEAQKKLEEALANAKKPLPYTKGDIEAYKYLVEKYKDDPEKQAEAQKKLEEALASAG,3.3974875076598443,-57.652618408203125,,0.0,False,33,2,66,KGDIEAYKYLVEKYKDDPEKQAEAQKKLEEALA
9657,Zist Rayanesh,SLETQQLKEAAKVATPEQKPKVIALYKERKAGKVTDIETQQLKEAAKVATPEQKPKVIALYKERKAAEEKWKAAGGGGSG,3.5152816554753197,-70.76499938964844,,0.0,True,29,2,58,ETQQLKEAAKVATPEQKPKVIALYKERKA
9658,Zist Rayanesh,MLKGDIEAAKLLIEKKDPNEEHLKTAKEVLKKVNEEYLNKGDIEAAKLLIEKKDPNEEHLKTAKEVLKKAEEIAGGGGSG,3.4151998162788173,-64.18678283691406,,0.0,True,30,2,60,KGDIEAAKLLIEKKDPNEEHLKTAKEVLKK
9659,Zist Rayanesh,MLKGDIEAYEYLVEKYKDDPEKQAEAQKNLEKAKASGDALLKGDIEAYEYLVEKYKDDPEKQAEAQKNLEKAKASAGGGG,3.4243493787167263,-32.84811782836914,,0.0,False,35,2,70,LKGDIEAYEYLVEKYKDDPEKQAEAQKNLEKAKAS
9661,Zist Rayanesh,SLETQQLKEAAKVATPEQKPKVIALYKERKAKDLPTDLETQQLKEAAKVATPEQKPKVIALYKERKAAEDAYKAGGGGSG,3.5289535180874996,-75.33812713623047,,0.0,True,30,2,60,LETQQLKEAAKVATPEQKPKVIALYKERKA
9662,Zist Rayanesh,SLETQQLKEAAKVATPEQKPKVIALYKERKANPDKVLSIETQQLKEAAKVATPEQKPKVIALYKERKAAEKKPPGGGGSG,3.564596567782656,-74.37332916259766,,0.0,True,29,2,58,ETQQLKEAAKVATPEQKPKVIALYKERKA
9663,Zist Rayanesh,MLKGDIEAAKLLIEKKDPNEEHLKTAKEVLKKKDEEVLNKGDIEAAKLLIEKKDPNEEHLKTAKEVLKKAEELIGGGGSG,3.335982971423868,-62.31842803955078,,0.0,True,30,2,60,KGDIEAAKLLIEKKDPNEEHLKTAKEVLKK
9664,Zist Rayanesh,SLETQQLKEAAEVATPEQKPKVIAAYQAAKANPDKYSATYETQQLKEAAEVATPEQKPKVIAAYQAAKAKEAAGGGGGSG,3.413202348952237,-68.45438385009766,,0.0,True,29,2,58,ETQQLKEAAEVATPEQKPKVIAAYQAAKA
9665,Zist Rayanesh,MLKGDIEAAKLLIEKGDPNEEHLKTAKEVLEKKESSVLKGDIEAAKLLIEKGDPNEEHLKTAKEVLEKGKPENRGGGGSG,3.4772552857831,-60.415130615234375,,0.0,True,31,2,62,LKGDIEAAKLLIEKGDPNEEHLKTAKEVLEK
9666,Zist Rayanesh,SLETQQLKEAAKVATPEQKPKVIALYKERKAGGYLTYETQQLKEAAKVATPEQKPKVIALYKERKAAEAKWKAAGGGGSG,3.4792288727862664,-68.83206939697266,,0.0,True,29,2,58,ETQQLKEAAKVATPEQKPKVIALYKERKA
9667,Zist Rayanesh,SLETQQLKEAAKVATPEQKPKVIALYKERKANPDKYNSLETQQLKEAAKVATPEQKPKVIALYKERKAAEEKYKGGGGSG,3.586051768041079,-64.82827758789062,,0.0,True,31,2,62,SLETQQLKEAAKVATPEQKPKVIALYKERKA
9668,Zist Rayanesh,SLETQQLKEAAKVATPEQKPKVIALYKERKANPDKYPTLETQQLKEAAKVATPEQKPKVIALYKERKAAEEAYKGGGGSG,3.555798022035007,-72.23594665527344,,0.0,True,30,2,60,LETQQLKEAAKVATPEQKPKVIALYKERKA
9669,Zist Rayanesh,MLKGDIEAYKYLVEKYKDDPEKQAEAQKKLEEALANKSSTLLKGDIEAYKYLVEKYKDDPEKQAEAQKKLEEALASAGGG,3.4520523480620255,-44.44710540771485,,0.0,False,34,2,68,LKGDIEAYKYLVEKYKDDPEKQAEAQKKLEEALA
9670,Zist Rayanesh,MLKGDIEAAKLLIEKKDPNEEHLKTAKEVLKKVNEEVLNKGDIEAAKLLIEKKDPNEEHLKTAKEVLKKAEEQKGGGGSG,3.405527006540583,-65.889892578125,,0.0,True,30,2,60,KGDIEAAKLLIEKKDPNEEHLKTAKEVLKK
9671,Zist Rayanesh,MLKGDIEAAKLLIEKKDPNEEHLKTAKEVLKKGESSLTKGDIEAAKLLIEKKDPNEEHLKTAKEVLKKAEEELKGGGGSG,3.3468675389648292,-64.55754852294922,,0.0,True,30,2,60,KGDIEAAKLLIEKKDPNEEHLKTAKEVLKK
9672,Zist Rayanesh,SLETQQLKEAAKVATPEQKPKVIALYKERKANPEKVLDIETQQLKEAAKVATPEQKPKVIALYKERKAAEPKEAGGGGSG,3.5359310925562553,-75.64252471923828,,0.0,True,29,2,58,ETQQLKEAAKVATPEQKPKVIALYKERKA
9673,Zist Rayanesh,MLKGDIEAAKLLIEKGDPNEEHLKTAKEVLEKKDYGVIKGDIEAAKLLIEKGDPNEEHLKTAKEVLEKGKKKKLGGGGSG,3.3811357133978923,-65.93195343017578,,0.0,True,30,2,60,KGDIEAAKLLIEKGDPNEEHLKTAKEVLEK
9675,Zist Rayanesh,MLKGDIEAYKYLVEKYKDDPEKQAEAQKKLEEALANAGKPGPLTKGDIEAYKYLVEKYKDDPEKQAEAQKKLEEALASAG,3.431032476955784,-52.40019226074219,,0.0,False,33,2,66,KGDIEAYKYLVEKYKDDPEKQAEAQKKLEEALA
9676,Zist Rayanesh,MLKGDIEAAKLLIEKGDPNEEHLKTAKEVLEKKDYGVIKGDIEAAKLLIEKGDPNEEHLKTAKEVLEKGKLKEEGGGGSG,3.3886368442350845,-67.60615539550781,,0.0,True,30,2,60,KGDIEAAKLLIEKGDPNEEHLKTAKEVLEK
9678,Zist Rayanesh,SLETQQLKEAAKVATPEQKPKVIALYKERKANPGTYPSLETQQLKEAAKVATPEQKPKVIALYKERKAAEEAAKGGGGSG,3.5145627309296934,-52.60025787353516,,0.0,True,31,2,62,SLETQQLKEAAKVATPEQKPKVIALYKERKA
9679,Zist Rayanesh,SLETQQLKEAAEVATPEQKPKVIAAYQAAKANPDKYSATYETQQLKEAAEVATPEQKPKVIAAYQAAKAKEDAAGGGGSG,3.436954030575863,-77.7709732055664,,0.0,True,29,2,58,ETQQLKEAAEVATPEQKPKVIAAYQAAKA
9680,Zist Rayanesh,MLKGDIEAYKYLVEKYKDDPEKQAEAQKKLEEALATKKRGVLKGDIEAYKYLVEKYKDDPEKQAEAQKKLEEALASAGGG,3.417459215777256,-47.84099197387695,,0.0,False,34,2,68,LKGDIEAYKYLVEKYKDDPEKQAEAQKKLEEALA
9681,Zist Rayanesh,SLETQQLKEAAKVATPEQKPKVIALYKERKAGGYLTYETQQLKEAAKVATPEQKPKVIALYKERKAAEEKWKAAGGGGSG,3.4855700807497594,-69.1433334350586,,0.0,True,29,2,58,ETQQLKEAAKVATPEQKPKVIALYKERKA
9682,Zist Rayanesh,SLETQQLKEAAKVATPEQKPKVIALYKERKANPEKVLDIETQQLKEAAKVATPEQKPKVIALYKERKAAEPAEAGGGGSG,3.537319670628654,-74.16350555419922,,0.0,True,29,2,58,ETQQLKEAAKVATPEQKPKVIALYKERKA
9683,Zist Rayanesh,SLETQQLKEAAKVATPEQKPKVIALYKERKAANKPTDLETQQLKEAAKVATPEQKPKVIALYKERKAAEAAYKAGGGGSG,3.5089404475118267,-64.61161041259766,,0.0,True,31,2,62,LETQQLKEAAKVATPEQKPKVIALYKERKAA
9685,Zist Rayanesh,SLETQQLKEAAKVATPEQKPKVIALYKERKAGKVTDIETQQLKEAAKVATPEQKPKVIALYKERKAAEEKYKAAGGGGSG,3.4808455616982767,-71.11618041992188,,0.0,True,29,2,58,ETQQLKEAAKVATPEQKPKVIALYKERKA
9686,Zist Rayanesh,MLKGDIEAYKYLVEKYKDDPEKQAEAQKKLEEALAGTKKDGLIKGDIEAYKYLVEKYKDDPEKQAEAQKKLEEALASAGG,3.3656878476513024,-53.89420318603516,,0.0,False,33,2,66,KGDIEAYKYLVEKYKDDPEKQAEAQKKLEEALA
9687,Zist Rayanesh,MLKGDIEAAKLLIEKKDPNEEHLKTAKEVLKKEGKEYGVTKGDIEAAKLLIEKKDPNEEHLKTAKEVLKKAEEIGGGGSG,3.389185755272477,-69.80543518066406,,0.0,True,30,2,60,KGDIEAAKLLIEKKDPNEEHLKTAKEVLKK
9688,Zist Rayanesh,MLKGDIEAAKLLIEKGDPNEEHLKTAKEVLEKEGKPEKPLKGDIEAAKLLIEKGDPNEEHLKTAKEVLEKGKKKGGGGSG,3.3022700827839486,-59.44231796264648,,0.0,True,31,2,62,LKGDIEAAKLLIEKGDPNEEHLKTAKEVLEK
9689,Zist Rayanesh,SLETQQLKEAAKVATPEQKPKVIALYKERKANPDKYPTLETQQLKEAAKVATPEQKPKVIALYKERKAAEEKAKGGGGSG,3.530107052941447,-66.64826965332031,,0.0,True,30,2,60,LETQQLKEAAKVATPEQKPKVIALYKERKA
9690,Zist Rayanesh,SLETQQLKEAAEVATPEQKPKVIAAYQAAKANPNQSASYETQQLKEAAEVATPEQKPKVIAAYQAAKAKEAARKGGGGSG,3.425457973844063,-66.96041870117188,,0.0,True,29,2,58,ETQQLKEAAEVATPEQKPKVIAAYQAAKA
9691,Zist Rayanesh,MLKGDIEAAKLLIEKKDPNEEHLKTAKEVLKKKGETTYNKGDIEAAKLLIEKKDPNEEHLKTAKEVLKKAEEVKGGGGSG,3.4112412094685265,-70.89470672607422,,0.0,True,30,2,60,KGDIEAAKLLIEKKDPNEEHLKTAKEVLKK
9692,Zist Rayanesh,SLETQQLKEAAKVATPEQKPKVIALYKERKAKDKPTDLETQQLKEAAKVATPEQKPKVIALYKERKAAEAKAAAGGGGSG,3.4521216659723533,-63.20453643798828,,0.0,True,30,2,60,LETQQLKEAAKVATPEQKPKVIALYKERKA
9693,Zist Rayanesh,MLKGDIEAAKLLIEKKDPNEEHLKTAKEVLKKKGETTLTKGDIEAAKLLIEKKDPNEEHLKTAKEVLKKAEEIEGGGGSG,3.3359295503597033,-72.57039642333984,,0.0,True,30,2,60,KGDIEAAKLLIEKKDPNEEHLKTAKEVLKK
9694,Zist Rayanesh,SLETQQLKEAAKVATPEQKPKVIALYKERKAKDLPLDIETQQLKEAAKVATPEQKPKVIALYKERKAAEEAAKAGGGGSG,3.4849200114341894,-67.44873046875,,0.0,True,29,2,58,ETQQLKEAAKVATPEQKPKVIALYKERKA
9695,Zist Rayanesh,MLKGDIEAAKLLIEKGDPNEEHLKTAKEVLEKKDYGVIKGDIEAAKLLIEKGDPNEEHLKTAKEVLEKGKKKVFGGGGSG,3.4677821101392925,-65.2013931274414,,0.0,True,30,2,60,KGDIEAAKLLIEKGDPNEEHLKTAKEVLEK
9696,Zist Rayanesh,MLKGDIEAAKLLIEKGDPNEEHLKTAKEVLEKKESSVLKGDIEAAKLLIEKGDPNEEHLKTAKEVLEKGKPPKKGGGGSG,3.4023802418594205,-56.56394958496094,,0.0,True,31,2,62,LKGDIEAAKLLIEKGDPNEEHLKTAKEVLEK
9697,Zist Rayanesh,MLKGDIEAAKLLIEKGDPNEEHLKTAKEVLEKKEDGAPTKGDIEAAKLLIEKGDPNEEHLKTAKEVLEKGKPPKGGGGSG,3.385455582469944,-66.70793914794922,,0.0,True,30,2,60,KGDIEAAKLLIEKGDPNEEHLKTAKEVLEK
9698,Zist Rayanesh,SLETQQLKEAAEVATPEQKPKVIAAYQAAKANPLKWSASFETQQLKEAAEVATPEQKPKVIAAYQAAKAKEAAAGGGGSG,3.4293474847814203,-65.91824340820312,,0.0,True,29,2,58,ETQQLKEAAEVATPEQKPKVIAAYQAAKA
9699,Zist Rayanesh,MLKGDIEAAKLLIEKGDPNEEHLKTAKEVLEKEGKPEGPTKGDIEAAKLLIEKGDPNEEHLKTAKEVLEKGKLEGGGGSG,3.34180532855046,-63.47515106201172,,0.0,True,30,2,60,KGDIEAAKLLIEKGDPNEEHLKTAKEVLEK
9700,Zist Rayanesh,SLETQQLKEAAKVATPEQKPKVIALYKERKAKDLPTDLETQQLKEAAKVATPEQKPKVIALYKERKAAEEKYKAGGGGSG,3.5020873664391203,-73.38436889648438,,0.0,True,30,2,60,LETQQLKEAAKVATPEQKPKVIALYKERKA
9701,Zist Rayanesh,MLKGDIEAAKLLIEKKDPNEEHLKTAKEVLKKEGEEYGVTKGDIEAAKLLIEKKDPNEEHLKTAKEVLKKAEENGGGGSG,3.4022011458750736,-69.270751953125,,0.0,True,30,2,60,KGDIEAAKLLIEKKDPNEEHLKTAKEVLKK
9702,Zist Rayanesh,SLETQQLKEAAKVATPEQKPKVIALYKERKANPEKVLDIETQQLKEAAKVATPEQKPKVIALYKERKAAEPKKLGGGGSG,3.5404082123610383,-78.77998352050781,,0.0,True,29,2,58,ETQQLKEAAKVATPEQKPKVIALYKERKA
9703,Zist Rayanesh,SLETQQLKEAAKVATPEQKPKVIALYKERKAADKPLDLETQQLKEAAKVATPEQKPKVIALYKERKAAEEAYKAGGGGSG,3.4849200114341894,-64.11843872070312,,0.0,True,31,2,62,LETQQLKEAAKVATPEQKPKVIALYKERKAA
9704,Zist Rayanesh,MLKGDIEAYEYLVEKYKDDPEKQAEAQKNLEKAKAEKPKYLKGDIEAYEYLVEKYKDDPEKQAEAQKNLEKAKASAGGGG,3.383238581007462,-48.25538635253906,,0.0,False,34,2,68,LKGDIEAYEYLVEKYKDDPEKQAEAQKNLEKAKA
9706,Zist Rayanesh,SLETQQLKEAAKVATPEQKPKVIALYKERKANPTKHSDFETQQLKEAAKVATPEQKPKVIALYKERKAAEKSKKGGGGSG,3.640285473386546,-71.78970336914062,,0.0,True,29,2,58,ETQQLKEAAKVATPEQKPKVIALYKERKA
9709,Zist Rayanesh,MLKGDIEAAKLLIEKGDPNEEHLKTAKEVLEKKDYGVIKGDIEAAKLLIEKGDPNEEHLKTAKEVLEKGKPKEEGGGGSG,3.4128251996567016,-67.96099853515625,,0.0,True,30,2,60,KGDIEAAKLLIEKGDPNEEHLKTAKEVLEK
9710,Zist Rayanesh,MLKGDIEAAKLLIEKKDPNEEHLKTAKEVLKKEGKEFGVTKGDIEAAKLLIEKKDPNEEHLKTAKEVLKKAEEMGGGGSG,3.4093062612029374,-69.13130187988281,,0.0,True,30,2,60,KGDIEAAKLLIEKKDPNEEHLKTAKEVLKK
9711,Zist Rayanesh,SLETQQLKEAAKVATPEQKPKVIALYKERKALNKPTDLETQQLKEAAKVATPEQKPKVIALYKERKAAEEKAAAGGGGSG,3.4992355992807727,-63.92911529541016,,0.0,True,30,2,60,LETQQLKEAAKVATPEQKPKVIALYKERKA
9712,Zist Rayanesh,MLKGDIEAAKLLIEKGDPNEEHLKTAKEVLEKKKSSVLKGDIEAAKLLIEKGDPNEEHLKTAKEVLEKGKPPVKGGGGSG,3.425393414726218,-57.15596771240234,,0.0,True,31,2,62,LKGDIEAAKLLIEKGDPNEEHLKTAKEVLEK
9713,Zist Rayanesh,SLETQQLKEAAKVATPEQKPKVIALYKERKAGKVTDIETQQLKEAAKVATPEQKPKVIALYKERKAAEDAYKAAGGGGSG,3.5157592290513,-72.13285827636719,,0.0,True,29,2,58,ETQQLKEAAKVATPEQKPKVIALYKERKA
9714,Zist Rayanesh,MLKGDIEAYKYLVEKYKDDPEKQAEAQKKLEEALANKSSGTIKGDIEAYKYLVEKYKDDPEKQAEAQKKLEEALASAGGG,3.4798375796435757,-52.9759407043457,,0.0,False,33,2,66,KGDIEAYKYLVEKYKDDPEKQAEAQKKLEEALA
9715,Zist Rayanesh,SLETQQLKEAAKVATPEQKPKVIALYKERKATDKPTDIETQQLKEAAKVATPEQKPKVIALYKERKAAETSSAKGGGGSG,3.551966690954297,-73.02494812011719,,0.0,True,29,2,58,ETQQLKEAAKVATPEQKPKVIALYKERKA
9716,Zist Rayanesh,SLETQQLKEAAEVATPEQKPKVIAAYQAAKANPNQSASFETQQLKEAAEVATPEQKPKVIAAYQAAKAKEAARAGGGGSG,3.4469192775407773,-64.34416198730469,,0.0,True,29,2,58,ETQQLKEAAEVATPEQKPKVIAAYQAAKA
9717,Zist Rayanesh,MLKGDIEAAKLLIEKKDPNEEHLKTAKEVLKKGESAYTKGDIEAAKLLIEKKDPNEEHLKTAKEVLKKAEKPKKGGGGSG,3.39981218511999,-64.29991149902344,,0.0,True,30,2,60,KGDIEAAKLLIEKKDPNEEHLKTAKEVLKK
9718,Zist Rayanesh,SLETQQLKEAAKVATPEQKPKVIALYKERKANPGTYPSLETQQLKEAAKVATPEQKPKVIALYKERKAAEEKAKGGGGSG,3.513174152857294,-54.73665618896485,,0.0,True,31,2,62,SLETQQLKEAAKVATPEQKPKVIALYKERKA
9719,Zist Rayanesh,MLKGDIEAYKYLVEKYKDDPEKQAEAQKKLEEALADGSKEAVLKGDIEAYKYLVEKYKDDPEKQAEAQKKLEEALASAGG,3.331247935963033,-45.85203552246094,,0.0,False,34,2,68,LKGDIEAYKYLVEKYKDDPEKQAEAQKKLEEALA
9720,Zist Rayanesh,MLKGDIEALEELKKSKTASPEVKKGAKEVWERIKAGERSLNKGDIEALEELKKSKTASPEVKKGAKEVWERIKKGGGGGG,3.432276596419478,-52.97236633300781,,0.0,False,32,2,64,KGDIEALEELKKSKTASPEVKKGAKEVWERIK
9721,Zist Rayanesh,MLKGDIEAYKYLVEKYKDDPEKQAEAQKKLEEALAKKDEPYGYTKGDIEAYKYLVEKYKDDPEKQAEAQKKLEEALASAG,3.3442115879896814,-56.26863479614258,,0.0,False,33,2,66,KGDIEAYKYLVEKYKDDPEKQAEAQKKLEEALA
9722,Zist Rayanesh,MLKGDIEAAKLLIEKGDPNEEHLKTAKEVLEKKENGSPTKGDIEAAKLLIEKGDPNEEHLKTAKEVLEKGKLKEGGGGSG,3.3850056685419188,-67.82475280761719,,0.0,True,30,2,60,KGDIEAAKLLIEKGDPNEEHLKTAKEVLEK
9723,Zist Rayanesh,SLETQQLKEAAKVATPEQKPKVIALYKERKAGGYLTYETQQLKEAAKVATPEQKPKVIALYKERKAAEDAWKAKGGGGSG,3.544194529948419,-73.61699676513672,,0.0,True,29,2,58,ETQQLKEAAKVATPEQKPKVIALYKERKA
9725,Zist Rayanesh,MLKGDIEAAKLLIEKGDPNEEHLKTAKEVLEKNEEGVLKGDIEAAKLLIEKGDPNEEHLKTAKEVLEKGKKDRKGGGGSG,3.399321256388502,-59.9780502319336,,0.0,True,31,2,62,LKGDIEAAKLLIEKGDPNEEHLKTAKEVLEK
9728,Zist Rayanesh,MLKGDIEAAKLLIEKGDPNEEHLKTAKEVLEKTSEGVTKGDIEAAKLLIEKGDPNEEHLKTAKEVLEKGKLNKPGGGGSG,3.441226201020588,-70.61732482910156,,0.0,True,30,2,60,KGDIEAAKLLIEKGDPNEEHLKTAKEVLEK
9729,Zist Rayanesh,MLKGDIEAAKLLIEKKDPNEEHLKTAKEVLKKVNETVYIKGDIEAAKLLIEKKDPNEEHLKTAKEVLKKAEEYIGGGGSG,3.4849585915589194,-66.92029571533203,,0.0,True,30,2,60,KGDIEAAKLLIEKKDPNEEHLKTAKEVLKK
9730,Zist Rayanesh,MLKGDIEAAKLLIEKGDPNEEHLKTAKEVLEKDSYGVNKGDIEAAKLLIEKGDPNEEHLKTAKEVLEKGKPETQGGGGSG,3.5602597076738984,-70.12359619140625,,0.0,True,30,2,60,KGDIEAAKLLIEKGDPNEEHLKTAKEVLEK
9731,Zist Rayanesh,MLKGDIEAAKLLIEKGDPNEEHLKTAKEVLEKTSFGVNKGDIEAAKLLIEKGDPNEEHLKTAKEVLEKGKLENRGGGGSG,3.5406279519597845,-71.07808685302734,,0.0,True,30,2,60,KGDIEAAKLLIEKGDPNEEHLKTAKEVLEK
9734,Zist Rayanesh,MLKGDIEAAKLLIEKGDPNEEHLKTAKEVLEKTSEGVTKGDIEAAKLLIEKGDPNEEHLKTAKEVLEKGKPPVLGGGGSG,3.4595001395138714,-69.40821838378906,,0.0,True,30,2,60,KGDIEAAKLLIEKGDPNEEHLKTAKEVLEK
9735,Zist Rayanesh,SLETQQLKEAAKVATPEQKPKVIALYKERKAKDLPTDLETQQLKEAAKVATPEQKPKVIALYKERKAAEEKGKAGGGGSG,3.4877717785925366,-70.17719268798828,,0.0,True,30,2,60,LETQQLKEAAKVATPEQKPKVIALYKERKA
9736,Zist Rayanesh,MLKGDIEAAKLLIEKKDPNEEHLKTAKEVLKKEGKEFGVTKGDIEAAKLLIEKKDPNEEHLKTAKEVLKKAEEQGGGGSG,3.434306261202937,-70.09373474121094,,0.0,True,30,2,60,KGDIEAAKLLIEKKDPNEEHLKTAKEVLKK
9737,Zist Rayanesh,SLETQQLKEAAKVATPEQKPKVIALYKERKANPNKVLDIETQQLKEAAKVATPEQKPKVIALYKERKAAEAKQKGGGGSG,3.5607118156377804,-70.858642578125,,0.0,True,29,2,58,ETQQLKEAAKVATPEQKPKVIALYKERKA
9738,Zist Rayanesh,MLKGDIEAAKLLIEKGDPNEEHLKTAKEVLEKDSFGVIKGDIEAAKLLIEKGDPNEEHLKTAKEVLEKGKLENRGGGGSG,3.5253869400988638,-65.8031997680664,,0.0,True,30,2,60,KGDIEAAKLLIEKGDPNEEHLKTAKEVLEK
9739,Zist Rayanesh,MLKGDIEAYEYLVEKYKDDPEKQAEAQKNLEKAKAEKGAPVPTKGDIEAYEYLVEKYKDDPEKQAEAQKNLEKAKASAGG,3.4628987981585264,-58.81460952758789,,0.0,False,33,2,66,KGDIEAYEYLVEKYKDDPEKQAEAQKNLEKAKA
9740,Zist Rayanesh,MLKGDIEAAKLLIEKGDPNEEHLKTAKEVLEKKEDGAPTKGDIEAAKLLIEKGDPNEEHLKTAKEVLEKGKLPKGGGGSG,3.3719516392017446,-68.27169036865234,,0.0,True,30,2,60,KGDIEAAKLLIEKGDPNEEHLKTAKEVLEK
9741,Zist Rayanesh,SLETQQLKEAAKVATPEQKPKVIALYKERKANPEKVLSIETQQLKEAAKVATPEQKPKVIALYKERKAAEKKVLGGGGSG,3.505972118583995,-76.48845672607422,,0.0,True,29,2,58,ETQQLKEAAKVATPEQKPKVIALYKERKA
9742,Zist Rayanesh,SLETQQLKEAAKVATPEQKPKVIALYKERKANPDKVLSIETQQLKEAAKVATPEQKPKVIALYKERKAAEKKPAGGGGSG,3.5542954083630636,-71.57518768310547,,0.0,True,29,2,58,ETQQLKEAAKVATPEQKPKVIALYKERKA
9743,Zist Rayanesh,MLKGDIEAAKLLIEKKDPNEEHLKTAKEVLKKVDEEVLNKGDIEAAKLLIEKKDPNEEHLKTAKEVLKKAEELKGGGGSG,3.3405395711313712,-61.35779571533203,,0.0,True,30,2,60,KGDIEAAKLLIEKKDPNEEHLKTAKEVLKK
9744,Zist Rayanesh,SLETQQLKEAAKVATPEQKPKVIALYKERKAADKPTDLETQQLKEAAKVATPEQKPKVIALYKERKAAEAAAAAGGGGSG,3.4472983313619228,-52.37540435791016,,0.0,True,31,2,62,LETQQLKEAAKVATPEQKPKVIALYKERKAA
9747,Zist Rayanesh,SLETQQLKEAAKVATPEQKPKVIALYKERKALNKPTDLETQQLKEAAKVATPEQKPKVIALYKERKAAEDAAKAGGGGSG,3.532860048479433,-64.16295623779297,,0.0,True,30,2,60,LETQQLKEAAKVATPEQKPKVIALYKERKA
9749,Zist Rayanesh,SLETQQLKEAAEVATPEQKPKVIAAYQAAKANPNQSASFETQQLKEAAEVATPEQKPKVIAAYQAAKAKEAERKGGGGSG,3.4719192775407777,-65.1798095703125,,0.0,True,29,2,58,ETQQLKEAAEVATPEQKPKVIAAYQAAKA
9750,Zist Rayanesh,SLETQQLKEAAKVATPEQKPKVIALYKERKAADKPSDLETQQLKEAAKVATPEQKPKVIALYKERKAAETDLKAGGGGSG,3.528953518087499,-66.63433074951172,,0.0,True,31,2,62,LETQQLKEAAKVATPEQKPKVIALYKERKAA
9751,Zist Rayanesh,MLKGDIEALEELKKSKTASPEVKKGAKEVWERIKKGKEFDLNKGDIEALEELKKSKTASPEVKKGAKEVWERIKKGGGGG,3.4493023755004453,-43.69142150878906,,0.0,False,34,2,68,KGDIEALEELKKSKTASPEVKKGAKEVWERIKKG
9752,Zist Rayanesh,SLETQQLKEAAKVATPEQKPKVIALYKERKANPDKYPSIETQQLKEAAKVATPEQKPKVIALYKERKAAEEAYKGGGGSG,3.5807980220350073,-76.57391357421875,,0.0,True,29,2,58,ETQQLKEAAKVATPEQKPKVIALYKERKA
9753,Zist Rayanesh,SLETQQLKEAAEVATPEQKPKVIAAYQAAKANPLGYSASFETQQLKEAAEVATPEQKPKVIAAYQAAKAKEAAKGGGGSG,3.41775894865974,-67.91790008544922,,0.0,True,29,2,58,ETQQLKEAAEVATPEQKPKVIAAYQAAKA
9754,Zist Rayanesh,MLKGDIEAAKLLIEKKDPNEEHLKTAKEVLKKKGETTYIKGDIEAAKLLIEKKDPNEEHLKTAKEVLKKAEELKGGGGSG,3.376368441893493,-67.825439453125,,0.0,True,30,2,60,KGDIEAAKLLIEKKDPNEEHLKTAKEVLKK
9755,Zist Rayanesh,SLETQQLKEAAKVATPEQKPKVIALYKERKAGGYLEYETQQLKEAAKVATPEQKPKVIALYKERKAAETPEHKAGGGGSG,3.508561475369498,-72.56962585449219,,0.0,True,29,2,58,ETQQLKEAAKVATPEQKPKVIALYKERKA
9757,Zist Rayanesh,MLKGDIEAAKLLIEKGDPNEEHLKTAKEVLEKDSYGVNKGDIEAAKLLIEKGDPNEEHLKTAKEVLEKGKPPEEGGGGSG,3.489166238065832,-67.94719696044922,,0.0,True,30,2,60,KGDIEAAKLLIEKGDPNEEHLKTAKEVLEK
9758,Zist Rayanesh,SLETQQLKEAAKVATPEQKPKVIALYKERKALDKPTDLETQQLKEAAKVATPEQKPKVIALYKERKAAEEKAKAGGGGSG,3.4729463811264094,-64.46870422363281,,0.0,True,30,2,60,LETQQLKEAAKVATPEQKPKVIALYKERKA
9759,Zist Rayanesh,SLETQQLKEAAKVATPEQKPKVIALYKERKANPTKHSDFETQQLKEAAKVATPEQKPKVIALYKERKAAEPNPPGGGGSG,3.6996484313420352,-80.44237518310547,,0.0,True,29,2,58,ETQQLKEAAKVATPEQKPKVIALYKERKA
9761,Zist Rayanesh,SLETQQLKEAAKVATPEQKPKVIALYKERKANPGKYPSLETQQLKEAAKVATPEQKPKVIALYKERKAAEEAAKGGGGSG,3.4947175796980003,-50.32007598876953,,0.0,True,31,2,62,SLETQQLKEAAKVATPEQKPKVIALYKERKA
9762,Zist Rayanesh,SLETQQLKEAAKVATPEQKPKVIALYKERKANPEKTLDIETQQLKEAAKVATPEQKPKVIALYKERKAAEVDLSGGGGSG,3.615823826755831,-76.5660400390625,,0.0,True,29,2,58,ETQQLKEAAKVATPEQKPKVIALYKERKA
9765,Zist Rayanesh,SLETQQLKEAAKVATPEQKPKVIALYKERKANPDKYPSIETQQLKEAAKVATPEQKPKVIALYKERKAAEEKYKGGGGSG,3.576615674264035,-79.10336303710938,,0.0,True,29,2,58,ETQQLKEAAKVATPEQKPKVIALYKERKA
9766,Zist Rayanesh,MLKGDIEAYEYLVEKYKDDPEKQAEAQKNLEKAKAEAEKEAVLKGDIEAYEYLVEKYKDDPEKQAEAQKNLEKAKASAGG,3.3394700108969357,-42.6081428527832,,0.0,False,34,2,68,LKGDIEAYEYLVEKYKDDPEKQAEAQKNLEKAKA
9768,Zist Rayanesh,SLETQQLKEAAKVATPEQKPKVIALYKERKAKNKPTDLETQQLKEAAKVATPEQKPKVIALYKERKAAEEAYKAGGGGSG,3.51528165547532,-71.17604064941406,,0.0,True,30,2,60,LETQQLKEAAKVATPEQKPKVIALYKERKA
9769,Zist Rayanesh,MLKGDIEAAKLLIEKKDPNEEHLKTAKEVLKKEGEEYGVTKGDIEAAKLLIEKKDPNEEHLKTAKEVLKKAEESGGGGSG,3.4116372396521175,-66.90977478027344,,0.0,True,30,2,60,KGDIEAAKLLIEKKDPNEEHLKTAKEVLKK
9770,Zist Rayanesh,MLKGDIEAAKLLIEKGDPNEEHLKTAKEVLEKTSFGVNKGDIEAAKLLIEKGDPNEEHLKTAKEVLEKGKPENQGGGGSG,3.5648163073814016,-71.08394622802734,,0.0,True,30,2,60,KGDIEAAKLLIEKGDPNEEHLKTAKEVLEK
9771,Zist Rayanesh,MLKGDIEAAKLLIEKGDPNEEHLKTAKEVLEKKENGSPTKGDIEAAKLLIEKGDPNEEHLKTAKEVLEKGKLPEGGGGSG,3.410696637635478,-68.3083267211914,,0.0,True,30,2,60,KGDIEAAKLLIEKGDPNEEHLKTAKEVLEK
9772,Zist Rayanesh,SLETQQLKEAAKVATPEQKPKVIALYKERKAADKPSDLETQQLKEAAKVATPEQKPKVIALYKERKAAESAEAKGGGGSG,3.4961274733371863,-65.27947998046875,,0.0,True,31,2,62,LETQQLKEAAKVATPEQKPKVIALYKERKAA
9773,Zist Rayanesh,MLKGDIEAAKLLIEKGDPNEEHLKTAKEVLEKDSYGVNKGDIEAAKLLIEKGDPNEEHLKTAKEVLEKGKPETFGGGGSG,3.5602597076738984,-70.5668716430664,,0.0,True,30,2,60,KGDIEAAKLLIEKGDPNEEHLKTAKEVLEK
9774,Zist Rayanesh,MLKGDIEAAKLLIEKKDPNEEHLKTAKEVLKKGESTLTKGDIEAAKLLIEKKDPNEEHLKTAKEVLKKAEEELAGGGGSG,3.3549691359646525,-69.43826293945312,,0.0,True,30,2,60,KGDIEAAKLLIEKKDPNEEHLKTAKEVLKK
9775,Zist Rayanesh,MLKGDIEAAKLLIEKGDPNEEHLKTAKEVLEKKKSSVLKGDIEAAKLLIEKGDPNEEHLKTAKEVLEKGKPENRGGGGSG,3.475966067628737,-61.2588996887207,,0.0,True,31,2,62,LKGDIEAAKLLIEKGDPNEEHLKTAKEVLEK
9776,Zist Rayanesh,MLKGDIEAAKLLIEKGDPNEEHLKTAKEVLEKNGKEGVLKGDIEAAKLLIEKGDPNEEHLKTAKEVLEKGKLEKGGGGSG,3.3219383990717084,-60.22074508666992,,0.0,True,31,2,62,LKGDIEAAKLLIEKGDPNEEHLKTAKEVLEK
9777,Zist Rayanesh,SLETQQLKEAAKVATPEQKPKVIALYKERKANPTKHSDFETQQLKEAAKVATPEQKPKVIALYKERKAAEKSRKGGGGSG,3.6733073929329056,-73.53631591796875,,0.0,True,29,2,58,ETQQLKEAAKVATPEQKPKVIALYKERKA
9778,Zist Rayanesh,MLKGDIEAAKLLIEKGDPNEEHLKTAKEVLEKKKSSVLKGDIEAAKLLIEKGDPNEEHLKTAKEVLEKGKPKKKGGGGSG,3.368288101847611,-56.83435821533203,,0.0,True,31,2,62,LKGDIEAAKLLIEKGDPNEEHLKTAKEVLEK
9780,Zist Rayanesh,MLKGDIEAAKLLIEKGDPNEEHLKTAKEVLEKNGEEGVLKGDIEAAKLLIEKGDPNEEHLKTAKEVLEKGKPPKGGGGSG,3.373624110089933,-58.25093460083008,,0.0,True,31,2,62,LKGDIEAAKLLIEKGDPNEEHLKTAKEVLEK
9782,Zist Rayanesh,SLETQQLKEAAEVATPEQKPKVIAAYQAAKAGPLGKTLETQQLKEAAEVATPEQKPKVIAAYQAAKAKEAAAKAGGGGSG,3.253152587469212,-60.45391082763672,,0.0,True,30,2,60,LETQQLKEAAEVATPEQKPKVIAAYQAAKA
9784,Zist Rayanesh,MLKGDIEAAKLLIEKGDPNEEHLKTAKEVLEKNEEGVLKGDIEAAKLLIEKGDPNEEHLKTAKEVLEKGKPKELGGGGSG,3.3495748328402106,-62.74893569946289,,0.0,True,31,2,62,LKGDIEAAKLLIEKGDPNEEHLKTAKEVLEK
9785,Zist Rayanesh,MLKGDIEAYKYLVEKYKDDPEKQAEAQKKLEEALANKSSSTLKGDIEAYKYLVEKYKDDPEKQAEAQKKLEEALASAGGG,3.4681050045013286,-46.41780853271485,,0.0,False,34,2,68,LKGDIEAYKYLVEKYKDDPEKQAEAQKKLEEALA
9786,Zist Rayanesh,MLKGDIEAAKLLIEKKDPNEEHLKTAKEVLKKGESTLTKGDIEAAKLLIEKKDPNEEHLKTAKEVLKKAEEMLKGGGGSG,3.3807053836810685,-64.59464263916016,,0.0,True,30,2,60,KGDIEAAKLLIEKKDPNEEHLKTAKEVLKK
9787,Zist Rayanesh,MLKGDIEAAKLLIEKGDPNEEHLKTAKEVLEKEGEGVLKGDIEAAKLLIEKGDPNEEHLKTAKEVLEKGKLIKPGGGGSG,3.3430727684577644,-55.87731552124024,,0.0,True,31,2,62,LKGDIEAAKLLIEKGDPNEEHLKTAKEVLEK
9788,Zist Rayanesh,MLKGDIEAAKLLIEKKDPNEEHLKTAKEVLKKKDETVYIKGDIEAAKLLIEKKDPNEEHLKTAKEVLKKAENKKGGGGSG,3.408847968121946,-64.58935546875,,0.0,True,30,2,60,KGDIEAAKLLIEKKDPNEEHLKTAKEVLKK
9789,Zist Rayanesh,MLKGDIEAYEYLVEKYKDDPEKQAEAQKNLEKAKATAAKNPVLKGDIEAYEYLVEKYKDDPEKQAEAQKNLEKAKASAGG,3.4653954349112737,-45.12076950073242,,0.0,False,34,2,68,LKGDIEAYEYLVEKYKDDPEKQAEAQKNLEKAKA
9790,Zist Rayanesh,MLKGDIEAYKYLVEKYKDDPEKQAEAQKKLEEALANAKKSYGYTKGDIEAYKYLVEKYKDDPEKQAEAQKKLEEALASAG,3.4069236014368878,-58.88500213623047,,0.0,False,33,2,66,KGDIEAYKYLVEKYKDDPEKQAEAQKKLEEALA
9793,Zist Rayanesh,MLKGDIEAAKLLIEKGDPNEEHLKTAKEVLEKNEEGVLKGDIEAAKLLIEKGDPNEEHLKTAKEVLEKGKPDRKGGGGSG,3.4311400379279746,-63.04865264892578,,0.0,True,31,2,62,LKGDIEAAKLLIEKGDPNEEHLKTAKEVLEK
9794,Zist Rayanesh,SLETQQLKEAAKVATPEQKPKVIALYKERKAGGYLEYETQQLKEAAKVATPEQKPKVIALYKERKAAEKPRPKAGGGGSG,3.4659593844388437,-73.1920166015625,,0.0,True,29,2,58,ETQQLKEAAKVATPEQKPKVIALYKERKA
9795,Zist Rayanesh,MLKGDIEAAKLLIEKKDPNEEHLKTAKEVLKKKGETVLTKGDIEAAKLLIEKKDPNEEHLKTAKEVLKKAEEIIGGGGSG,3.3628279380516464,-70.48170471191406,,0.0,True,30,2,60,KGDIEAAKLLIEKKDPNEEHLKTAKEVLKK
9796,Zist Rayanesh,SLETQQLKEAAKVATPEQKPKVIALYKERKATDKPTDIETQQLKEAAKVATPEQKPKVIALYKERKAAEKPEKPGGGGSG,3.5154082123610384,-72.10809326171875,,0.0,True,29,2,58,ETQQLKEAAKVATPEQKPKVIALYKERKA
9798,Zist Rayanesh,MLKGDIEAAKLLIEKGDPNEEHLKTAKEVLEKEGEGVLKGDIEAAKLLIEKGDPNEEHLKTAKEVLEKGKPKEEGGGGSG,3.3149112214500134,-53.03512954711914,,0.0,True,31,2,62,LKGDIEAAKLLIEKGDPNEEHLKTAKEVLEK
9800,Zist Rayanesh,MLKGDIEAAKLLIEKGDPNEEHLKTAKEVLEKNEEGVLKGDIEAAKLLIEKGDPNEEHLKTAKEVLEKGKPKEIGGGGSG,3.3648851626114586,-62.05217361450195,,0.0,True,31,2,62,LKGDIEAAKLLIEKGDPNEEHLKTAKEVLEK
9801,Zist Rayanesh,MLKGDIEAAKLLIEKKDPNEEHLKTAKEVLKKEGEEYGVTKGDIEAAKLLIEKKDPNEEHLKTAKEVLKKAEEMGGGGSG,3.4116372396521175,-71.96669006347656,,0.0,True,30,2,60,KGDIEAAKLLIEKKDPNEEHLKTAKEVLKK
9802,Zist Rayanesh,SLETQQLKEAAKVATPEQKPKVIALYKERKAGSVLSYETQQLKEAAKVATPEQKPKVIALYKERKAAEDAYKAAGGGGSG,3.5209658980743734,-72.0955581665039,,0.0,True,29,2,58,ETQQLKEAAKVATPEQKPKVIALYKERKA
9803,Zist Rayanesh,SLETQQLKEAAKVATPEQKPKVIALYKERKAGGYLEYETQQLKEAAKVATPEQKPKVIALYKERKAAEKPRPAAGGGGSG,3.467347962511243,-70.39871215820312,,0.0,True,29,2,58,ETQQLKEAAKVATPEQKPKVIALYKERKA
9804,Zist Rayanesh,SLETQQLKEAAEVATPEQKPKVIAAYQAAKAGKQNSLETQQLKEAAEVATPEQKPKVIAAYQAAKAKEAAYKAAGGGGSG,3.3147967231701996,-52.89015197753906,,0.0,True,31,2,62,SLETQQLKEAAEVATPEQKPKVIAAYQAAKA
9806,Zist Rayanesh,MLKGDIEAAKLLIEKKDPNEEHLKTAKEVLKKKGETVLTKGDIEAAKLLIEKKDPNEEHLKTAKEVLKKAEEIEGGGGSG,3.3466139625131204,-71.92579650878906,,0.0,True,30,2,60,KGDIEAAKLLIEKKDPNEEHLKTAKEVLKK
9808,Zist Rayanesh,MLKGDIEAYEYLVEKYKDDPEKQAEAQKNLEKAKAEKPKLNKGDIEAYEYLVEKYKDDPEKQAEAQKNLEKAKASAGGGG,3.400573855356373,-51.51608276367188,,0.0,False,33,2,66,KGDIEAYEYLVEKYKDDPEKQAEAQKNLEKAKA
9810,Zist Rayanesh,MLKGDIEAYKYLVEKYKDDPEKQAEAQKKLEEALANKSSGVLKGDIEAYKYLVEKYKDDPEKQAEAQKKLEEALASAGGG,3.4254811353236163,-44.50700759887695,,0.0,False,34,2,68,LKGDIEAYKYLVEKYKDDPEKQAEAQKKLEEALA
