"name","replicate","expression","binding","kd","kon","koff","sequence","binding_strength","confidence","method"
"3229",2,"medium","false","null","null","null","FLVKLDPSMTPHEKSMRVWREVWATWSANKSGYMAGEADRKAGAKEWPYIERDQFLEWWRLYWQWVLTHYVYMMEVWNAS","none","null","SPR"
"2029",3,"medium","false","null","null","null","INGRIQAKAAAERAKERAEANAEAAKLEAEAEQALAEGNEAEAAELRANAAAARAEGGAKAAQKRQEAQQQIKQVRAQAG","none","null","SPR"
"4302",2,"medium","true",4.88185675161968e-7,41626.6896680014,0.020321553600331,"SEELKKVILARADVETMIKSLDKLDVETVLKTALELFKNLGDEESAKLIEEALKDKSTALEALKEVAERLKERAKELAEK","medium","low","SPR"
"3686",1,"medium","false","null","null","null","LKEEIKKLLEELLKMAKEMGKEEIAKLLEKAKKAVEEGNIDEAKKLIDQILRMAEEMGLPEEFIEKVNELKELVERLKLE","none","null","SPR"
"1376",1,"medium","false","null","null","null","WNFRHGCWDCILQQYMTCDCHNVMLLFAVAALTTILTFNAILELAINNRNNPDRVHEVLVAMEQEWFRIVVYYGGYCGPN","none","null","SPR"
"3301",2,"medium","false","null","null","null","SEDVTITIKLKDGTTLTSNARSTYYGGNGIKLNTKADITLGQYYSTWDELKNTVLSLIPDTVEVTIKYPGEPEKTIKIEN","none","null","SPR"
"10098",1,"medium","false","null","null","null","EPKKYLITITFSDYNNEKKLALARKLDEIAEKYGLRLPYFSGNTVQFYVYEEDAEKVEAEIKAFAESLGVKVTISKELVE","none","null","SPR"
"scFv",1,"medium","true",1.30337873076068e-9,7672.36702885566,0.00001,"DIVLSQSPAILSASPGEKVTMTCRASSSLSFMHWYQQKPGSSPKPWIYATSNLASGVPARFSGSGSGTSYSLTISRVEAEDAATYFCHQWSSNPLTFGAGTKLELKRGSTSGSGKPGSGEGSTKGQVQLRQPGAELVKPGASVKMSCKASGYTFTSYNMHWVKQTPGQGLEWIGAIYPGNGDTSYNQKFKGKATLTADKSSSTAYMQLSSLTSEDSAVYYCARSHYGSNYVDYFDYWGQGTTLTVSS","strong","high","SPR"
"3109",2,"medium","false","null","null","null","TALVEFSSIGVLFLLSALAGGEPKVKGGGKLSFSFDKLKADEVFITLLIPIAVEAVDKFGKGLIPEAKEKLVPDAKGSLG","none","null","SPR"
"4885",3,"medium","false","null","null","null","SYLEELLKLLDEALESGDVGRLVSILLSLDIYVKKDTDESKKELKKELSKLITEALIAANRGDEEELKKKVEEIKELLKK","none","null","SPR"
"2786",1,"medium","true",0.00000282862004080405,14389.7618170109,0.040703168657994,"NAEQTEETYQLMLTSFTSLEDTLHKAVKGVSNALQDYSSRVKDLFAEIDQVAKASSHYLRTLYKHVINVFRTLITALATT","weak","low","SPR"
"2096",3,"medium","false","null","null","null","MMSSKVQQLRAEMAQNNEMKKQLTAQLKELEAEMEALEKDGTEVAKVEKLKQQAEEVEKQLAELEAETQALTSKLVQAEG","none","null","SPR"
"11186",2,"medium","true",0.00000669381199344818,4575.80728575666,0.0306295936891055,"SLLSATKTFLKVLEEFKKDPEKLAKNLVKNSRGSDPSTALPEEELKKAEEKGLVKSLELMLKGTGLVILFFLGLLLIIAR","weak","low","SPR"
"3012",1,"medium","false","null","null","null","ILLIEELFARFLSLGLEGDFLGRTESLAKLFAVSLIKAARSFRDAILEIKIELALSKEREAAVDAGLFAGLEIRLDSKAS","none","null","SPR"
"3426",1,"medium","false","null","null","null","KSEELKEEIELLNKIIELRVKNGDEGFDEEAAVKELQKKYPNVKAVKKKIAKDIQYGNYYYGMDKEVEITLAEVEDVPDP","none","null","SPR"
"11257",2,"medium","true",9.48593948869376e-7,19341.6099648894,0.0183473341740857,"KWKELEEEEKKRVAEEIAKAKNTKEASLLLARRFAERMILLLEALGFPLAETVRKLRDEHLPDASEEERERVRKLVAEIL","medium","low","SPR"
"2941",1,"medium","true","null","null","null","DEEQLEQIHEGVDKARTSLLAILDALLRTVQVIIAIVEDLQRALKKIPDAKDSGQLLAETVEQLVKLLTEVILLTSALGD","weak","low","SPR"
"2786",2,"medium","true",0.00000209213569019763,19223.6250563088,0.0402184320752811,"NAEQTEETYQLMLTSFTSLEDTLHKAVKGVSNALQDYSSRVKDLFAEIDQVAKASSHYLRTLYKHVINVFRTLITALATT","weak","low","SPR"
"2754",1,"medium","false","null","null","null","GEDDVDVIVKLTDLEEFGFASAELSTGEVELAVFLLDASGEGEGSTEAGIFTGLLLLTLLTKARKGRGESLERVKELGKS","none","null","SPR"
"3109",1,"medium","false","null","null","null","TALVEFSSIGVLFLLSALAGGEPKVKGGGKLSFSFDKLKADEVFITLLIPIAVEAVDKFGKGLIPEAKEKLVPDAKGSLG","none","null","SPR"
"2383",2,"medium","true",4.30970868816567e-7,59872.1947420673,0.0258031717859435,"DLLEKLLSLASFGDPEVRARMEALPPEEKKNSPEYQEYEQRRRSEIGRLHALYLLLRALGVDAKPEEFPGLLEAFPELGE","medium","low","SPR"
"10932",2,"medium","false","null","null","null","DESKKYLEEAKEALKKSKEIYAKENPTVEDAQEIAKNAGLAENAARKLKELGDKEGAKEAAKYAKEAKEYLKEVSEKVKA","none","null","SPR"
"6879",2,"medium","false","null","null","null","KILVLALYDYQEISEREVTPKKGDIWYLLNSYKKDSWSVEPYERQGSVYAAYVKKLDTMTQVGQSCDMACLVLIQSVNNS","none","null","SPR"
"3426",2,"medium","false","null","null","null","KSEELKEEIELLNKIIELRVKNGDEGFDEEAAVKELQKKYPNVKAVKKKIAKDIQYGNYYYGMDKEVEITLAEVEDVPDP","none","null","SPR"
"3599",1,"medium","false","null","null","null","SNDVTITITLKDGTKCTTTARSTYYGGNGIKLYDKCNMEIGAYYSTWEELKNLVLSLIPETTEVTVKYPGEPEKTLKIEN","none","null","SPR"
"7632",2,"medium","false","null","null","null","MEKLEELVKRYEEMAENYANLNEEEKKELKEVEKEIVKEMYKLLKTGDPEDLAKVKEAIERIQKANNILDTKTKKLKEEA","none","null","SPR"
"2969",1,"medium","true",0.00000621997797124857,2083.89307302721,0.0129617690086667,"ETAEEIFAYWFDAFSQIMEKYLNLYREPDYVDRLQELVTVLEDLAQDLVEVLRDYFRNYREFIQLVREAVKQQHEFLERI","weak","low","SPR"
"4912",1,"medium","false","null","null","null","EWEELLKRSEVINKLETKEFLEELLKYAKEEGYEEVLKDYEFLKKEGKKDSDITSVMAFKVSEIKGISIIELYEILEKRK","none","null","SPR"
"8515",2,"medium","false","null","null","null","KLAELEAKLATLTEAIATLKANATSRATIDAVLKKLNAAGIMPYITFDPSSDAKEDAALLIAELEKKKAEVEAQIAALKA","none","null","SPR"
"1159",1,"none","unknown","null","null","null","HYHYFKHWHWWNRHNPGGVQRNRIVQMPCAIAMTVMPFISRMNGCKEQPNFPCRRVPVVVPAAEDAEFRSVEGAGHWYGF","unknown","null","SPR"
"4885",2,"medium","false","null","null","null","SYLEELLKLLDEALESGDVGRLVSILLSLDIYVKKDTDESKKELKKELSKLITEALIAANRGDEEELKKKVEEIKELLKK","none","null","SPR"
"11186",3,"medium","true",0.00000114263217627761,30701.936638057,0.0350810206766804,"SLLSATKTFLKVLEEFKKDPEKLAKNLVKNSRGSDPSTALPEEELKKAEEKGLVKSLELMLKGTGLVILFFLGLLLIIAR","weak","low","SPR"
"6879",3,"medium","false","null","null","null","KILVLALYDYQEISEREVTPKKGDIWYLLNSYKKDSWSVEPYERQGSVYAAYVKKLDTMTQVGQSCDMACLVLIQSVNNS","none","null","SPR"
"1376",2,"medium","false","null","null","null","WNFRHGCWDCILQQYMTCDCHNVMLLFAVAALTTILTFNAILELAINNRNNPDRVHEVLVAMEQEWFRIVVYYGGYCGPN","none","null","SPR"
"2293",3,"medium","false","null","null","null","YVEDGMKERRAQLQAANAAALEAASPAERAAVAAECAARNAKFTQEINELRAAEKAEQEAWQAAQKAAAADRARAAAAAG","none","null","SPR"
"1304",3,"none","unknown","null","null","null","SSKSSRVVVISSLSSLLFFVLLLAAAMQQQCQQKYYELLYTTTTTTTSKKKKKQLQSSLLLLLLFAASLALIQSVKKKLL","unknown","null","SPR"
"2897",2,"none","unknown","null","null","null","ALERARLGEEADLLGVLAAGELAEEEGLEGDDGLRELGDLLVTASGLGAGGLADLLRLRLDKAEEELGELLGELLDDRAL","unknown","null","SPR"
"8515",3,"medium","false","null","null","null","KLAELEAKLATLTEAIATLKANATSRATIDAVLKKLNAAGIMPYITFDPSSDAKEDAALLIAELEKKKAEVEAQIAALKA","none","null","SPR"
"3165",2,"medium","false","null","null","null","GDITFLAAGLTDTDALVISGESAVLDTAEEGKEALKLGLELGEARRALVEALVEELGELERVDTTLLEVSLEEEILEGKT","none","null","SPR"
"1506",2,"medium","true","null","null","null","SLEERRKELKEKVEAGELNYWEIMYEAMKLMIESGAPIEHLEYATNVIQNNPNNKELLEKIAEVALSGDLSLLEELVKEG","weak","low","SPR"
"2779",1,"medium","false","null","null","null","DGELELVPPRIILPKTGALPEAGKASIVEEDLLDEKEPFDPADPREDKVTVIAAFERKEAARFEIDVELEGFVLAEKRLL","none","null","SPR"
"11257",3,"medium","true",0.00000136504635979683,12077.566985344,0.0164864388485463,"KWKELEEEEKKRVAEEIAKAKNTKEASLLLARRFAERMILLLEALGFPLAETVRKLRDEHLPDASEEERERVRKLVAEIL","weak","low","SPR"
"2293",1,"medium","false","null","null","null","YVEDGMKERRAQLQAANAAALEAASPAERAAVAAECAARNAKFTQEINELRAAEKAEQEAWQAAQKAAAADRARAAAAAG","none","null","SPR"
"2786",3,"medium","true",0.00000233847883570432,13352.4819101868,0.0312244963510967,"NAEQTEETYQLMLTSFTSLEDTLHKAVKGVSNALQDYSSRVKDLFAEIDQVAKASSHYLRTLYKHVINVFRTLITALATT","weak","low","SPR"
"10932",3,"medium","false","null","null","null","DESKKYLEEAKEALKKSKEIYAKENPTVEDAQEIAKNAGLAENAARKLKELGDKEGAKEAAKYAKEAKEYLKEVSEKVKA","none","null","SPR"
"10098",3,"medium","false","null","null","null","EPKKYLITITFSDYNNEKKLALARKLDEIAEKYGLRLPYFSGNTVQFYVYEEDAEKVEAEIKAFAESLGVKVTISKELVE","none","null","SPR"
"3453",1,"medium","false","null","null","null","SNELTYIKFVGKVNGKEKTVYAVRYSNGDVILEDGTKLEGVSLEELYEIVKKKYGMEEAVYYCARNVFDGYWLVYWGQGR","none","null","SPR"
"1304",2,"none","unknown","null","null","null","SSKSSRVVVISSLSSLLFFVLLLAAAMQQQCQQKYYELLYTTTTTTTSKKKKKQLQSSLLLLLLFAASLALIQSVKKKLL","unknown","null","SPR"
"1506",3,"medium","true","null","null","null","SLEERRKELKEKVEAGELNYWEIMYEAMKLMIESGAPIEHLEYATNVIQNNPNNKELLEKIAEVALSGDLSLLEELVKEG","weak","low","SPR"
"10621",1,"medium","false","null","null","null","SAEAERRGKVYERLEAIYEKLVAAGRKPSFELLERMTEIAQHYLVEEAEKAVEELEKEVAGGGGSGGGGSGGGGSGGGGS","none","null","SPR"
"4302",3,"medium","true",5.93004247993007e-7,46840.4463877066,0.0277765836857987,"SEELKKVILARADVETMIKSLDKLDVETVLKTALELFKNLGDEESAKLIEEALKDKSTALEALKEVAERLKERAKELAEK","medium","low","SPR"
"2293",2,"medium","false","null","null","null","YVEDGMKERRAQLQAANAAALEAASPAERAAVAAECAARNAKFTQEINELRAAEKAEQEAWQAAQKAAAADRARAAAAAG","none","null","SPR"
"2764",1,"medium","true",6.74511443435336e-7,68369.848805078,0.0461162454049689,"ADVDARRARGGARLVKAEELEGDALRLGRALLRRLLGGKLEEDLGLDDADADVVLEDVKDLKALADLAELLRGLAGALGL","medium","low","SPR"
"2844",2,"medium","false","null","null","null","LTALDKFGIVSPLELVAAALGDKVGDPTSVTVPGTDIGPFLLELGLIEESRILGFKGIFPPAPRLFAAARRTGEDADFID","none","null","SPR"
"3091",1,"none","unknown","null","null","null","APLAEAREREEAAAELLRRGLLLGEDLGLLGKDGDAELELELARLAAGKLRRELERGRGLGAGTGGAAAGVGLLGDLADG","unknown","null","SPR"
"3714",3,"medium","false","null","null","null","ASPAVYYCARNVFDGYWLVYWGQGCPEGASLEECYEDMLKGEPVDPEEKLAEMKERGLLSSEWVYNPVTKEWMLLLKVKE","none","null","SPR"
"2897",1,"none","unknown","null","null","null","ALERARLGEEADLLGVLAAGELAEEEGLEGDDGLRELGDLLVTASGLGAGGLADLLRLRLDKAEEELGELLGELLDDRAL","unknown","null","SPR"
"2014",1,"medium","false","null","null","null","MEEEQARQQEAEAAIAELNKEGEEHRARAAQAQADARATAVQMGLDEEAAAAEVAELEEEQEAKQAAIAEERAKLRAEAG","none","null","SPR"
"6867",2,"none","unknown","null","null","null","YESVLALYDYNEMSNREVTMKKGDWITLLNYYNKSWWKVEVNSSQGFYEAAYVISLKDVMLPINPMMAMLLITCLGDCVG","unknown","null","SPR"
"2328",2,"medium","false","null","null","null","SPAEAHETQIKMLEQQAEDYKKSEESNRARAAALASGSAADKEKAAKYAAEAEENNQKRIEYEEEQAQLENEQAEAQKAG","none","null","SPR"
"2793",2,"medium","false","null","null","null","TEIAASDKEFKRFSGAVGRKGRVLEFRGIILRELADESGLLTGTRLALIGGILRAVLLKAKDRIIADAKTLGAIKLAEEI","none","null","SPR"
"10932",1,"medium","false","null","null","null","DESKKYLEEAKEALKKSKEIYAKENPTVEDAQEIAKNAGLAENAARKLKELGDKEGAKEAAKYAKEAKEYLKEVSEKVKA","none","null","SPR"
"7058",1,"medium","false","null","null","null","FEIPDLNPLPSGWEMEATWSGWNWFKNWKDQTTTWQDPASKELSKMLNSAAPAMAQVCTSIGCIICSASSCQPGVMTDSS","none","null","SPR"
"5932",1,"medium","false","null","null","null","MTTVEVEVKSKKNKPLKVKVTIDDKTGRPAEIETENISLESAYTAFVKVANKNKNKPITPEDIKAEMQKIAEEEAKKREA","none","null","SPR"
"2860",2,"medium","false","null","null","null","QVDAETYEKIWQLSGTDQSAFYDLGGVVVAFVDIAELLEYFTRCVPALMKTLADDGPKIINLAYEVIGALLEAFGSLFDC","none","null","SPR"
"11364",1,"none","unknown","null","null","null","GLLDVLRQQALDLTKEAAAVAKKLGRLTPEQIAKLLAAAEAYAATKTLEEAEKKWAEFVKLIDTEIKDWPLIGAELLLSK","unknown","null","SPR"
"11257",1,"medium","true",8.67194808395009e-7,17771.4758836881,0.0154113316238514,"KWKELEEEEKKRVAEEIAKAKNTKEASLLLARRFAERMILLLEALGFPLAETVRKLRDEHLPDASEEERERVRKLVAEIL","medium","low","SPR"
"10098",2,"medium","false","null","null","null","EPKKYLITITFSDYNNEKKLALARKLDEIAEKYGLRLPYFSGNTVQFYVYEEDAEKVEAEIKAFAESLGVKVTISKELVE","none","null","SPR"
"7632",3,"medium","false","null","null","null","MEKLEELVKRYEEMAENYANLNEEEKKELKEVEKEIVKEMYKLLKTGDPEDLAKVKEAIERIQKANNILDTKTKKLKEEA","none","null","SPR"
"3332",1,"medium","false","null","null","null","SPVLELECRFEELPSETARRALAELIPAERISRIRVRLEEVSGPLVLAYLEIELKDTGEAVYYCARNVFDGYWLVYWGQG","none","null","SPR"
"8369",1,"none","unknown","null","null","null","SAAAAEAVTAEIIANQKAGNKTAVTLPASVTPADALAAGKAAVEAGAHVSAVATVADDALKKGADPAEAAALVAAAKAKA","unknown","null","SPR"
"3714",1,"medium","false","null","null","null","ASPAVYYCARNVFDGYWLVYWGQGCPEGASLEECYEDMLKGEPVDPEEKLAEMKERGLLSSEWVYNPVTKEWMLLLKVKE","none","null","SPR"
"2096",1,"medium","false","null","null","null","MMSSKVQQLRAEMAQNNEMKKQLTAQLKELEAEMEALEKDGTEVAKVEKLKQQAEEVEKQLAELEAETQALTSKLVQAEG","none","null","SPR"
"3558",1,"medium","false","null","null","null","PVTESEAVAAAKAKYDADAVYYCARNVFDGYWLVYWGQGVHGSAPDSALLADCREAMTEPTALMAWSSAGGTEYLTVTRD","none","null","SPR"
"8515",1,"medium","false","null","null","null","KLAELEAKLATLTEAIATLKANATSRATIDAVLKKLNAAGIMPYITFDPSSDAKEDAALLIAELEKKKAEVEAQIAALKA","none","null","SPR"
"6879",1,"medium","false","null","null","null","KILVLALYDYQEISEREVTPKKGDIWYLLNSYKKDSWSVEPYERQGSVYAAYVKKLDTMTQVGQSCDMACLVLIQSVNNS","none","null","SPR"
"3037",1,"none","unknown","null","null","null","PGGGSGGTTGGGGSSSSGGTTPSGGTTGGNSGGGGSGGTTGGSGGGGSSSTGGTTGGGGSSSSGSSSSGGNTGGSSGGGS","unknown","null","SPR"
"7122",1,"medium","false","null","null","null","FPIPDDSPPPKGWEMENTSSGQWYFKNAIDQTTAVEDPREWEESKMMLQLTANQACPDAGLCGNICDQLSGQGLCGTVPM","none","null","SPR"
"6867",1,"none","unknown","null","null","null","YESVLALYDYNEMSNREVTMKKGDWITLLNYYNKSWWKVEVNSSQGFYEAAYVISLKDVMLPINPMMAMLLITCLGDCVG","unknown","null","SPR"
"2793",1,"medium","false","null","null","null","TEIAASDKEFKRFSGAVGRKGRVLEFRGIILRELADESGLLTGTRLALIGGILRAVLLKAKDRIIADAKTLGAIKLAEEI","none","null","SPR"
"3361",1,"medium","false","null","null","null","EKITVVVEAPEVERGRVAVYYCARNVFDGYWLVYWGQGREAVETLPADTPAEEREEALRRLASELFGLPEESLEVVLRAP","none","null","SPR"
"2328",1,"medium","false","null","null","null","SPAEAHETQIKMLEQQAEDYKKSEESNRARAAALASGSAADKEKAAKYAAEAEENNQKRIEYEEEQAQLENEQAEAQKAG","none","null","SPR"
"2860",1,"medium","false","null","null","null","QVDAETYEKIWQLSGTDQSAFYDLGGVVVAFVDIAELLEYFTRCVPALMKTLADDGPKIINLAYEVIGALLEAFGSLFDC","none","null","SPR"
"945",1,"none","unknown","null","null","null","HKYDHHCWWWFNHRTICGGCLYTATAAGFTAIGTTHTPPPNIWDFIENNILPQWAHPVTPAAKEGRWDRVCSQCGKGYGK","unknown","null","SPR"
"5089",2,"medium","false","null","null","null","SEEEFELKLSELFSDVDFMLQVIPDLNKEEQEKAFKLINEKLKLIEELVKKNEKDKEKQKEVEERIKKRKEELEKLKKES","none","null","SPR"
"7397",1,"medium","false","null","null","null","KTIKVVFPDLPLEVVKAIAEKRKKALTELAKKNNDKAKELEKNEGPSAQPYIDEYNKLAADLNADLESVEKALKEILEKR","none","null","SPR"
"2029",2,"medium","false","null","null","null","INGRIQAKAAAERAKERAEANAEAAKLEAEAEQALAEGNEAEAAELRANAAAARAEGGAKAAQKRQEAQQQIKQVRAQAG","none","null","SPR"
"4302",1,"medium","true",5.12764570564901e-7,41232.8013802735,0.0211427196929438,"SEELKKVILARADVETMIKSLDKLDVETVLKTALELFKNLGDEESAKLIEEALKDKSTALEALKEVAERLKERAKELAEK","medium","low","SPR"
"8357",1,"none","unknown","null","null","null","AAALRARLRAAVAALVAAEELTREGVEALLAVLDEAEAAGVALSPEERELRSTLRNWLRGTVSAAEVKATAARTLAALEG","unknown","null","SPR"
"3361",2,"medium","false","null","null","null","EKITVVVEAPEVERGRVAVYYCARNVFDGYWLVYWGQGREAVETLPADTPAEEREEALRRLASELFGLPEESLEVVLRAP","none","null","SPR"
"3301",1,"medium","false","null","null","null","SEDVTITIKLKDGTTLTSNARSTYYGGNGIKLNTKADITLGQYYSTWDELKNTVLSLIPDTVEVTIKYPGEPEKTIKIEN","none","null","SPR"
"8192",1,"medium","false","null","null","null","SELEEIKEELEKYLKYIEENPNVPRSVIEGALFLKAKLLIAEAPPSAKLKPVIHLNNAYLYAVTEEEGEELRALYEKMLA","none","null","SPR"
"11186",1,"medium","true",0.00000894323105128783,3117.2679182537,0.0278784472417099,"SLLSATKTFLKVLEEFKKDPEKLAKNLVKNSRGSDPSTALPEEELKKAEEKGLVKSLELMLKGTGLVILFFLGLLLIIAR","weak","low","SPR"
"21",1,"none","unknown","null","null","null","ATISCSISVNSIYLAWHQQKPGQAPRLLIYGASSRAIGIPDRFSDSGSGSSFSLTVNAGDTYICQQYGSSPWQTKTFTAT","unknown","null","SPR"
"2096",2,"medium","false","null","null","null","MMSSKVQQLRAEMAQNNEMKKQLTAQLKELEAEMEALEKDGTEVAKVEKLKQQAEEVEKQLAELEAETQALTSKLVQAEG","none","null","SPR"
"2383",1,"medium","true",7.19482688507708e-7,32922.7528791469,0.0236873507545635,"DLLEKLLSLASFGDPEVRARMEALPPEEKKNSPEYQEYEQRRRSEIGRLHALYLLLRALGVDAKPEEFPGLLEAFPELGE","medium","low","SPR"
"7728",1,"none","unknown","null","null","null","TTLLATTTVTTDAGTLTVVSAVNGTVVVSTASTPNSSTVYATSGSGVAIGADGTQVKTTSTLSGGTVTQTATVYSQKVTL","unknown","null","SPR"
"1506",1,"medium","true","null","null","null","SLEERRKELKEKVEAGELNYWEIMYEAMKLMIESGAPIEHLEYATNVIQNNPNNKELLEKIAEVALSGDLSLLEELVKEG","weak","low","SPR"
"3222",1,"none","unknown","null","null","null","SLRTRIVAAAMLRIVKRFLAMMVRIHRPVYNEMAKMHNTGDYYTHMDQVFYYMGHHPVVEIGRFIQAVRVEIMVVRVLMR","unknown","null","SPR"
"10173",2,"none","unknown","null","null","null","PDPATVAAMTDAQIAEKALELVEKNDEAARKAAAALVLAANQVSPELAQNVANAFAGALGYWDGNAVLKELLALGKALAA","unknown","null","SPR"
"5089",1,"medium","false","null","null","null","SEEEFELKLSELFSDVDFMLQVIPDLNKEEQEKAFKLINEKLKLIEELVKKNEKDKEKQKEVEERIKKRKEELEKLKKES","none","null","SPR"
"7122",2,"medium","false","null","null","null","FPIPDDSPPPKGWEMENTSSGQWYFKNAIDQTTAVEDPREWEESKMMLQLTANQACPDAGLCGNICDQLSGQGLCGTVPM","none","null","SPR"
"4885",1,"medium","false","null","null","null","SYLEELLKLLDEALESGDVGRLVSILLSLDIYVKKDTDESKKELKKELSKLITEALIAANRGDEEELKKKVEEIKELLKK","none","null","SPR"
"10173",1,"none","unknown","null","null","null","PDPATVAAMTDAQIAEKALELVEKNDEAARKAAAALVLAANQVSPELAQNVANAFAGALGYWDGNAVLKELLALGKALAA","unknown","null","SPR"
"1304",1,"none","unknown","null","null","null","SSKSSRVVVISSLSSLLFFVLLLAAAMQQQCQQKYYELLYTTTTTTTSKKKKKQLQSSLLLLLLFAASLALIQSVKKKLL","unknown","null","SPR"
"3714",2,"medium","false","null","null","null","ASPAVYYCARNVFDGYWLVYWGQGCPEGASLEECYEDMLKGEPVDPEEKLAEMKERGLLSSEWVYNPVTKEWMLLLKVKE","none","null","SPR"
"3555",2,"medium","false","null","null","null","STHLIKIRVPLPASARSTYYGGNDPSLFEELGLTPIYVEYAPGYVNAVAEVDPSLTPEEVEAIVARIKAIPGAEVEVIEP","none","null","SPR"
"5932",2,"medium","false","null","null","null","MTTVEVEVKSKKNKPLKVKVTIDDKTGRPAEIETENISLESAYTAFVKVANKNKNKPITPEDIKAEMQKIAEEEAKKREA","none","null","SPR"
"3682",1,"none","unknown","null","null","null","SAPETVVRLRLGEDGQVLAELTTVKPDGSETREFLTIPRSLVPPEALAALDAGQTVRARNVFDGYWLVDFEVDDGELRVP","unknown","null","SPR"
"2029",1,"medium","false","null","null","null","INGRIQAKAAAERAKERAEANAEAAKLEAEAEQALAEGNEAEAAELRANAAAARAEGGAKAAQKRQEAQQQIKQVRAQAG","none","null","SPR"
"3229",1,"medium","false","null","null","null","FLVKLDPSMTPHEKSMRVWREVWATWSANKSGYMAGEADRKAGAKEWPYIERDQFLEWWRLYWQWVLTHYVYMMEVWNAS","none","null","SPR"
"3555",3,"medium","false","null","null","null","STHLIKIRVPLPASARSTYYGGNDPSLFEELGLTPIYVEYAPGYVNAVAEVDPSLTPEEVEAIVARIKAIPGAEVEVIEP","none","null","SPR"
"7632",1,"medium","false","null","null","null","MEKLEELVKRYEEMAENYANLNEEEKKELKEVEKEIVKEMYKLLKTGDPEDLAKVKEAIERIQKANNILDTKTKKLKEEA","none","null","SPR"
"3165",1,"medium","false","null","null","null","GDITFLAAGLTDTDALVISGESAVLDTAEEGKEALKLGLELGEARRALVEALVEELGELERVDTTLLEVSLEEEILEGKT","none","null","SPR"
"5089",3,"medium","false","null","null","null","SEEEFELKLSELFSDVDFMLQVIPDLNKEEQEKAFKLINEKLKLIEELVKKNEKDKEKQKEVEERIKKRKEELEKLKKES","none","null","SPR"
"3555",1,"medium","false","null","null","null","STHLIKIRVPLPASARSTYYGGNDPSLFEELGLTPIYVEYAPGYVNAVAEVDPSLTPEEVEAIVARIKAIPGAEVEVIEP","none","null","SPR"
"2844",1,"medium","false","null","null","null","LTALDKFGIVSPLELVAAALGDKVGDPTSVTVPGTDIGPFLLELGLIEESRILGFKGIFPPAPRLFAAARRTGEDADFID","none","null","SPR"
"10621",3,"medium","false","null","null","null","SAEAERRGKVYERLEAIYEKLVAAGRKPSFELLERMTEIAQHYLVEEAEKAVEELEKEVAGGGGSGGGGSGGGGSGGGGS","none","null","SPR"
"3732",1,"medium","false","null","null","null","YPGNGDTSYNQKFKGKATLTADKSSSTAYMQLSSLTSEDSAVDWYFNVWGAGTTVTVSAASTKGPSVFPYYCARSTYYGG","none","null","SPR"
"11364",3,"none","unknown","null","null","null","GLLDVLRQQALDLTKEAAAVAKKLGRLTPEQIAKLLAAAEAYAATKTLEEAEKKWAEFVKLIDTEIKDWPLIGAELLLSK","unknown","null","SPR"
"1159",3,"none","unknown","null","null","null","HYHYFKHWHWWNRHNPGGVQRNRIVQMPCAIAMTVMPFISRMNGCKEQPNFPCRRVPVVVPAAEDAEFRSVEGAGHWYGF","unknown","null","SPR"
"2577",2,"medium","false","null","null","null","SLLEKLKLLASFGSPERRAAMEALPPEEKKNSPEYQEYKTWLRSQQGRLLADYLLDRERGVNAKPSEYPGLGDVYPELLE","none","null","SPR"
"3599",2,"medium","false","null","null","null","SNDVTITITLKDGTKCTTTARSTYYGGNGIKLYDKCNMEIGAYYSTWEELKNLVLSLIPETTEVTVKYPGEPEKTLKIEN","none","null","SPR"
"2869",1,"none","unknown","null","null","null","AARRRVRLALARLLAGLLADLLELLEEGDAAALRELEALLSGAPERLALLGELGAELLGGDLRGERALAGKLALLGLAKA","unknown","null","SPR"
"2811",1,"none","unknown","null","null","null","DPPGAAAAVLDLVKLEAAAKSLTGSAISEGVPDTLLGVEPEGAGEVTREFLSELVRVSTGSVEKVIAEIASKTSKRPERL","unknown","null","SPR"
"2754",3,"medium","false","null","null","null","GEDDVDVIVKLTDLEEFGFASAELSTGEVELAVFLLDASGEGEGSTEAGIFTGLLLLTLLTKARKGRGESLERVKELGKS","none","null","SPR"
"7143",2,"medium","false","null","null","null","AEIPSDVKSPEAWEMAKTSSYQMWFKNWLDQTTTEQDPRSAMLYQMSNITACQLVPLMNMTQMDQNDNNIIDADMPVDIS","none","null","SPR"
"3453",3,"medium","false","null","null","null","SNELTYIKFVGKVNGKEKTVYAVRYSNGDVILEDGTKLEGVSLEELYEIVKKKYGMEEAVYYCARNVFDGYWLVYWGQGR","none","null","SPR"
"2054",3,"medium","false","null","null","null","MSWEEIRQLRAQLMANEENEAAREARAKVLEAEANNCAKNPGTQEEVAELAAQANAERDTAKALEEAQKAIEEELAKLMG","none","null","SPR"
"2054",2,"medium","false","null","null","null","MSWEEIRQLRAQLMANEENEAAREARAKVLEAEANNCAKNPGTQEEVAELAAQANAERDTAKALEEAQKAIEEELAKLMG","none","null","SPR"
"2897",3,"none","unknown","null","null","null","ALERARLGEEADLLGVLAAGELAEEEGLEGDDGLRELGDLLVTASGLGAGGLADLLRLRLDKAEEELGELLGELLDDRAL","unknown","null","SPR"
"3158",3,"medium","false","null","null","null","RPRAVDHICRLLREVRSVSEACADLVQAMLTVTEQGHTPYDSYELSLLFFVNSILKNGKRAMDLAALILGEIAGAEGGGS","none","null","SPR"
"796",1,"medium","false","null","null","null","YNTFGIKHHGWYQQAPGQRQWVAGIASDNITSVAEAVRGKFSLSQENSKNTVYLQINSLEVETQEYYWYSQQVNFFTHRY","none","null","SPR"
"3718",3,"medium","false","null","null","null","NLEKIAAFYRELGERLAAALRARYPERAAEIDARLAEFLALVEKMLKDPSYLPEVEALLAEMAAELGARNVFDGYWLVDV","none","null","SPR"
"3332",2,"medium","false","null","null","null","SPVLELECRFEELPSETARRALAELIPAERISRIRVRLEEVSGPLVLAYLEIELKDTGEAVYYCARNVFDGYWLVYWGQG","none","null","SPR"
"6990",3,"medium","false","null","null","null","NVIPDDVYLPEGWEMAWTSSGQEYFNMHIDQTTTWQDISKKASYVMIDNALSCQAALQVIIIVTDDGPQPGQLTTANPNP","none","null","SPR"
"3532",2,"medium","false","null","null","null","LRVVAVDPASSPLVPNPELIAWALANAKRVELALAPDGTLVLVVEVEVEDGKAVYYCARNVFDGYWLVYWGQGQRVTEVP","none","null","SPR"
"3012",2,"medium","false","null","null","null","ILLIEELFARFLSLGLEGDFLGRTESLAKLFAVSLIKAARSFRDAILEIKIELALSKEREAAVDAGLFAGLEIRLDSKAS","none","null","SPR"
"10173",3,"none","unknown","null","null","null","PDPATVAAMTDAQIAEKALELVEKNDEAARKAAAALVLAANQVSPELAQNVANAFAGALGYWDGNAVLKELLALGKALAA","unknown","null","SPR"
"2869",3,"none","unknown","null","null","null","AARRRVRLALARLLAGLLADLLELLEEGDAAALRELEALLSGAPERLALLGELGAELLGGDLRGERALAGKLALLGLAKA","unknown","null","SPR"
"796",2,"medium","false","null","null","null","YNTFGIKHHGWYQQAPGQRQWVAGIASDNITSVAEAVRGKFSLSQENSKNTVYLQINSLEVETQEYYWYSQQVNFFTHRY","none","null","SPR"
"3109",3,"medium","false","null","null","null","TALVEFSSIGVLFLLSALAGGEPKVKGGGKLSFSFDKLKADEVFITLLIPIAVEAVDKFGKGLIPEAKEKLVPDAKGSLG","none","null","SPR"
"2771",3,"medium","false","null","null","null","DLRAKGEELARRRLGGALLRGLLAELLEEADLEADGLVPGELKALLGGEALELAGELGGLGVDLAGRLKDGDEALRERSL","none","null","SPR"
"11267",2,"medium","false","null","null","null","SLLAYYRRLIALAELLLLLKGPRKDPSLPPLTPEQLEALKARALAVFREAAAELRAEGVLVEQVAQDEAELAEALAKAAA","none","null","SPR"
"1376",3,"medium","false","null","null","null","WNFRHGCWDCILQQYMTCDCHNVMLLFAVAALTTILTFNAILELAINNRNNPDRVHEVLVAMEQEWFRIVVYYGGYCGPN","none","null","SPR"
"3686",2,"medium","false","null","null","null","LKEEIKKLLEELLKMAKEMGKEEIAKLLEKAKKAVEEGNIDEAKKLIDQILRMAEEMGLPEEFIEKVNELKELVERLKLE","none","null","SPR"
"7257",1,"medium","false","null","null","null","SLLEELKKVEEEMEKAAKELSEKYGISVEDALSLLRAAYTLKKAGATEEQILKTILRLLRSIGYNSEELAKDIVKYAKEL","none","null","SPR"
"945",2,"none","unknown","null","null","null","HKYDHHCWWWFNHRTICGGCLYTATAAGFTAIGTTHTPPPNIWDFIENNILPQWAHPVTPAAKEGRWDRVCSQCGKGYGK","unknown","null","SPR"
"4912",2,"medium","false","null","null","null","EWEELLKRSEVINKLETKEFLEELLKYAKEEGYEEVLKDYEFLKKEGKKDSDITSVMAFKVSEIKGISIIELYEILEKRK","none","null","SPR"
"5300",3,"medium","false","null","null","null","GSWLQAALNIAEQIYKLGPEEQLQVLNDILEHIDSFTKEEAEALLVGVKELRKKLEAEGAPQEVLDAVDKLEKALEKKIK","none","null","SPR"
"7058",3,"medium","false","null","null","null","FEIPDLNPLPSGWEMEATWSGWNWFKNWKDQTTTWQDPASKELSKMLNSAAPAMAQVCTSIGCIICSASSCQPGVMTDSS","none","null","SPR"
"5981",2,"medium","true","null","null","null","NAAAVGDLQAMARGTIEAATIDKETADKATKIMVEYAKANANSEGVLKVVEDAAKKLKELGYEEGAKLLEETAKEIRKKL","weak","low","SPR"
"4584",1,"medium","false","null","null","null","EEVKLTYEQKIAKRRADIDLVKHTPLENQLAYLEAELKRLGLTAELEEIKKLPDLQAAVDAAYEKIKAALAAEEAARKAA","none","null","SPR"
"8357",3,"none","unknown","null","null","null","AAALRARLRAAVAALVAAEELTREGVEALLAVLDEAEAAGVALSPEERELRSTLRNWLRGTVSAAEVKATAARTLAALEG","unknown","null","SPR"
"2754",2,"medium","false","null","null","null","GEDDVDVIVKLTDLEEFGFASAELSTGEVELAVFLLDASGEGEGSTEAGIFTGLLLLTLLTKARKGRGESLERVKELGKS","none","null","SPR"
"5981",1,"medium","true","null","null","null","NAAAVGDLQAMARGTIEAATIDKETADKATKIMVEYAKANANSEGVLKVVEDAAKKLKELGYEEGAKLLEETAKEIRKKL","weak","low","SPR"
"3301",3,"medium","false","null","null","null","SEDVTITIKLKDGTTLTSNARSTYYGGNGIKLNTKADITLGQYYSTWDELKNTVLSLIPDTVEVTIKYPGEPEKTIKIEN","none","null","SPR"
"3718",2,"medium","false","null","null","null","NLEKIAAFYRELGERLAAALRARYPERAAEIDARLAEFLALVEKMLKDPSYLPEVEALLAEMAAELGARNVFDGYWLVDV","none","null","SPR"
"3599",3,"medium","false","null","null","null","SNDVTITITLKDGTKCTTTARSTYYGGNGIKLYDKCNMEIGAYYSTWEELKNLVLSLIPETTEVTVKYPGEPEKTLKIEN","none","null","SPR"
"9198",3,"medium","false","null","null","null","AETAALKAGLAEAQAAAADYAAKAKEYKAKAEKYYKLAKESKKSLLYKYLGDLYEAEAGEAQGKALRAQGAADTLKAKIA","none","null","SPR"
"4912",3,"medium","false","null","null","null","EWEELLKRSEVINKLETKEFLEELLKYAKEEGYEEVLKDYEFLKKEGKKDSDITSVMAFKVSEIKGISIIELYEILEKRK","none","null","SPR"
"11178",3,"medium","false","null","null","null","TEEMLKRTEEVVKLLEEDEEGRKLGEELREETERALKSIKDEKSRRNQFSLLEAYMLGVKAEYLARKLKEEAERKLRELL","none","null","SPR"
"3165",3,"medium","false","null","null","null","GDITFLAAGLTDTDALVISGESAVLDTAEEGKEALKLGLELGEARRALVEALVEELGELERVDTTLLEVSLEEEILEGKT","none","null","SPR"
"2941",3,"medium","true","null","null","null","DEEQLEQIHEGVDKARTSLLAILDALLRTVQVIIAIVEDLQRALKKIPDAKDSGQLLAETVEQLVKLLTEVILLTSALGD","weak","low","SPR"
"3361",3,"medium","false","null","null","null","EKITVVVEAPEVERGRVAVYYCARNVFDGYWLVYWGQGREAVETLPADTPAEEREEALRRLASELFGLPEESLEVVLRAP","none","null","SPR"
"2844",3,"medium","false","null","null","null","LTALDKFGIVSPLELVAAALGDKVGDPTSVTVPGTDIGPFLLELGLIEESRILGFKGIFPPAPRLFAAARRTGEDADFID","none","null","SPR"
"3012",3,"medium","false","null","null","null","ILLIEELFARFLSLGLEGDFLGRTESLAKLFAVSLIKAARSFRDAILEIKIELALSKEREAAVDAGLFAGLEIRLDSKAS","none","null","SPR"
"11267",3,"medium","false","null","null","null","SLLAYYRRLIALAELLLLLKGPRKDPSLPPLTPEQLEALKARALAVFREAAAELRAEGVLVEQVAQDEAELAEALAKAAA","none","null","SPR"
"3037",3,"none","unknown","null","null","null","PGGGSGGTTGGGGSSSSGGTTPSGGTTGGNSGGGGSGGTTGGSGGGGSSSTGGTTGGGGSSSSGSSSSGGNTGGSSGGGS","unknown","null","SPR"
"7397",3,"medium","false","null","null","null","KTIKVVFPDLPLEVVKAIAEKRKKALTELAKKNNDKAKELEKNEGPSAQPYIDEYNKLAADLNADLESVEKALKEILEKR","none","null","SPR"
"4584",3,"medium","false","null","null","null","EEVKLTYEQKIAKRRADIDLVKHTPLENQLAYLEAELKRLGLTAELEEIKKLPDLQAAVDAAYEKIKAALAAEEAARKAA","none","null","SPR"
"2860",3,"medium","false","null","null","null","QVDAETYEKIWQLSGTDQSAFYDLGGVVVAFVDIAELLEYFTRCVPALMKTLADDGPKIINLAYEVIGALLEAFGSLFDC","none","null","SPR"
"3686",3,"medium","false","null","null","null","LKEEIKKLLEELLKMAKEMGKEEIAKLLEKAKKAVEEGNIDEAKKLIDQILRMAEEMGLPEEFIEKVNELKELVERLKLE","none","null","SPR"
"4584",2,"medium","false","null","null","null","EEVKLTYEQKIAKRRADIDLVKHTPLENQLAYLEAELKRLGLTAELEEIKKLPDLQAAVDAAYEKIKAALAAEEAARKAA","none","null","SPR"
"2764",3,"medium","true",0.00000121460392607166,57279.305511163,0.0695716693565169,"ADVDARRARGGARLVKAEELEGDALRLGRALLRRLLGGKLEEDLGLDDADADVVLEDVKDLKALADLAELLRGLAGALGL","weak","low","SPR"
"3222",2,"none","unknown","null","null","null","SLRTRIVAAAMLRIVKRFLAMMVRIHRPVYNEMAKMHNTGDYYTHMDQVFYYMGHHPVVEIGRFIQAVRVEIMVVRVLMR","unknown","null","SPR"
"11267",1,"medium","false","null","null","null","SLLAYYRRLIALAELLLLLKGPRKDPSLPPLTPEQLEALKARALAVFREAAAELRAEGVLVEQVAQDEAELAEALAKAAA","none","null","SPR"
"3682",3,"none","unknown","null","null","null","SAPETVVRLRLGEDGQVLAELTTVKPDGSETREFLTIPRSLVPPEALAALDAGQTVRARNVFDGYWLVDFEVDDGELRVP","unknown","null","SPR"
"3222",3,"none","unknown","null","null","null","SLRTRIVAAAMLRIVKRFLAMMVRIHRPVYNEMAKMHNTGDYYTHMDQVFYYMGHHPVVEIGRFIQAVRVEIMVVRVLMR","unknown","null","SPR"
"2903",3,"medium","true",0.0000032860492798629,2840.95773830625,0.00933552713008219,"SEQKLEKIIQSLTDSVKDALSKFRKFAYDLLSKDKVIQEHVKIFTSVGTQFVKKLYEELDRLVALEYTLKVEAIAKCTGG","weak","low","SPR"
"3494",3,"medium","false","null","null","null","MEKEIIIEVGEVKENGTIVLKGKTLDGGEVEEVEARSTYYGGNEKITIKITTKDGKETFTGYLKLLPGPYALFKGELEKE","none","null","SPR"
"7257",3,"medium","false","null","null","null","SLLEELKKVEEEMEKAAKELSEKYGISVEDALSLLRAAYTLKKAGATEEQILKTILRLLRSIGYNSEELAKDIVKYAKEL","none","null","SPR"
"3558",3,"medium","false","null","null","null","PVTESEAVAAAKAKYDADAVYYCARNVFDGYWLVYWGQGVHGSAPDSALLADCREAMTEPTALMAWSSAGGTEYLTVTRD","none","null","SPR"
"7143",3,"medium","false","null","null","null","AEIPSDVKSPEAWEMAKTSSYQMWFKNWLDQTTTEQDPRSAMLYQMSNITACQLVPLMNMTQMDQNDNNIIDADMPVDIS","none","null","SPR"
"3619",3,"medium","false","null","null","null","MTRKVTLDEPAVYYCARNVFDGYWLVYWGQDAVELPASSEPVEVTLSEGECDFLVVKFSSGSVQVFPFDDGKEVIHVKSP","none","null","SPR"
"2577",3,"medium","false","null","null","null","SLLEKLKLLASFGSPERRAAMEALPPEEKKNSPEYQEYKTWLRSQQGRLLADYLLDRERGVNAKPSEYPGLGDVYPELLE","none","null","SPR"
"7257",2,"medium","false","null","null","null","SLLEELKKVEEEMEKAAKELSEKYGISVEDALSLLRAAYTLKKAGATEEQILKTILRLLRSIGYNSEELAKDIVKYAKEL","none","null","SPR"
"6399",3,"medium","false","null","null","null","PDPQKDFEAPWISMGASINSAMVGALGAFPEMDCAMPSAQVAFIRGLIAYMSAAQTLWTACRGMGNDVETQNEMLYDFIW","none","null","SPR"
"3532",3,"medium","false","null","null","null","LRVVAVDPASSPLVPNPELIAWALANAKRVELALAPDGTLVLVVEVEVEDGKAVYYCARNVFDGYWLVYWGQGQRVTEVP","none","null","SPR"
"5624",3,"medium","false","null","null","null","FSTVNIHFFKETEDNTLEYIGAIYPKFNDTSINPKYKNKVKLSYDKETKKATMTIINPTEEDNAKYLKAYSPYPGGPWIF","none","null","SPR"
"2848",2,"medium","false","null","null","null","VGTLDMLAIKLQELLNLLALFLLLEASATLGEIIESFAATSDREIIQYGISKMRMSSLFDADTYYRTLGFSVVDTLIVSV","none","null","SPR"
"3091",3,"none","unknown","null","null","null","APLAEAREREEAAAELLRRGLLLGEDLGLLGKDGDAELELELARLAAGKLRRELERGRGLGAGTGGAAAGVGLLGDLADG","unknown","null","SPR"
"3732",3,"medium","false","null","null","null","YPGNGDTSYNQKFKGKATLTADKSSSTAYMQLSSLTSEDSAVDWYFNVWGAGTTVTVSAASTKGPSVFPYYCARSTYYGG","none","null","SPR"
"7122",3,"medium","false","null","null","null","FPIPDDSPPPKGWEMENTSSGQWYFKNAIDQTTAVEDPREWEESKMMLQLTANQACPDAGLCGNICDQLSGQGLCGTVPM","none","null","SPR"
"2903",2,"medium","true",0.00000419991380113104,2513.12337085349,0.0105549015291925,"SEQKLEKIIQSLTDSVKDALSKFRKFAYDLLSKDKVIQEHVKIFTSVGTQFVKKLYEELDRLVALEYTLKVEAIAKCTGG","weak","low","SPR"
"2811",3,"none","unknown","null","null","null","DPPGAAAAVLDLVKLEAAAKSLTGSAISEGVPDTLLGVEPEGAGEVTREFLSELVRVSTGSVEKVIAEIASKTSKRPERL","unknown","null","SPR"
"796",3,"medium","false","null","null","null","YNTFGIKHHGWYQQAPGQRQWVAGIASDNITSVAEAVRGKFSLSQENSKNTVYLQINSLEVETQEYYWYSQQVNFFTHRY","none","null","SPR"
"11097",1,"medium","true",5.4925930522919e-7,434622.910484236,0.23872067784926,"KLEEIRKENLERMEKLMASQKTPLEARTWAWQVYAVRMILLAESLGLPLAKTLKEIQEKIFGKVDPEVEAFAREWVERVL","medium","low","SPR"
"3229",3,"medium","false","null","null","null","FLVKLDPSMTPHEKSMRVWREVWATWSANKSGYMAGEADRKAGAKEWPYIERDQFLEWWRLYWQWVLTHYVYMMEVWNAS","none","null","SPR"
"945",3,"none","unknown","null","null","null","HKYDHHCWWWFNHRTICGGCLYTATAAGFTAIGTTHTPPPNIWDFIENNILPQWAHPVTPAAKEGRWDRVCSQCGKGYGK","unknown","null","SPR"
"2848",3,"medium","false","null","null","null","VGTLDMLAIKLQELLNLLALFLLLEASATLGEIIESFAATSDREIIQYGISKMRMSSLFDADTYYRTLGFSVVDTLIVSV","none","null","SPR"
"2262",3,"medium","false","null","null","null","SEELQQAKEAIEQIKRHIEGLKHLRARSKDENESAALAAQTEELEKQHKELQAELEKATANAAAQAAAAARAAALAANAG","none","null","SPR"
"6990",1,"medium","false","null","null","null","NVIPDDVYLPEGWEMAWTSSGQEYFNMHIDQTTTWQDISKKASYVMIDNALSCQAALQVIIIVTDDGPQPGQLTTANPNP","none","null","SPR"
"2811",2,"none","unknown","null","null","null","DPPGAAAAVLDLVKLEAAAKSLTGSAISEGVPDTLLGVEPEGAGEVTREFLSELVRVSTGSVEKVIAEIASKTSKRPERL","unknown","null","SPR"
"3332",3,"medium","false","null","null","null","SPVLELECRFEELPSETARRALAELIPAERISRIRVRLEEVSGPLVLAYLEIELKDTGEAVYYCARNVFDGYWLVYWGQG","none","null","SPR"
"7722",3,"medium","false","null","null","null","TTLLATTTVTTTAGTLTVVRAVNGTVVVSTASTPNSSTVYATSGSGVAIGADGTQVKTTSTLSGGTVTQTATVYSQKVTL","none","null","SPR"
"2771",2,"medium","false","null","null","null","DLRAKGEELARRRLGGALLRGLLAELLEEADLEADGLVPGELKALLGGEALELAGELGGLGVDLAGRLKDGDEALRERSL","none","null","SPR"
"2848",1,"medium","false","null","null","null","VGTLDMLAIKLQELLNLLALFLLLEASATLGEIIESFAATSDREIIQYGISKMRMSSLFDADTYYRTLGFSVVDTLIVSV","none","null","SPR"
"8192",3,"medium","false","null","null","null","SELEEIKEELEKYLKYIEENPNVPRSVIEGALFLKAKLLIAEAPPSAKLKPVIHLNNAYLYAVTEEEGEELRALYEKMLA","none","null","SPR"
"7058",2,"medium","false","null","null","null","FEIPDLNPLPSGWEMEATWSGWNWFKNWKDQTTTWQDPASKELSKMLNSAAPAMAQVCTSIGCIICSASSCQPGVMTDSS","none","null","SPR"
"3158",1,"medium","false","null","null","null","RPRAVDHICRLLREVRSVSEACADLVQAMLTVTEQGHTPYDSYELSLLFFVNSILKNGKRAMDLAALILGEIAGAEGGGS","none","null","SPR"
"7728",3,"none","unknown","null","null","null","TTLLATTTVTTDAGTLTVVSAVNGTVVVSTASTPNSSTVYATSGSGVAIGADGTQVKTTSTLSGGTVTQTATVYSQKVTL","unknown","null","SPR"
"7728",2,"none","unknown","null","null","null","TTLLATTTVTTDAGTLTVVSAVNGTVVVSTASTPNSSTVYATSGSGVAIGADGTQVKTTSTLSGGTVTQTATVYSQKVTL","unknown","null","SPR"
"2577",1,"medium","false","null","null","null","SLLEKLKLLASFGSPERRAAMEALPPEEKKNSPEYQEYKTWLRSQQGRLLADYLLDRERGVNAKPSEYPGLGDVYPELLE","none","null","SPR"
"9556",1,"medium","false","null","null","null","MLKGDIEALEELKKSKTASPEVKKGAKEVWERIKKGERTLNKGDIEALEELKKSKTASPEVKKGAKEVWERIKKGGGGGG","none","null","SPR"
"6867",3,"none","unknown","null","null","null","YESVLALYDYNEMSNREVTMKKGDWITLLNYYNKSWWKVEVNSSQGFYEAAYVISLKDVMLPINPMMAMLLITCLGDCVG","unknown","null","SPR"
"scFv",3,"medium","true",1.77670147182373e-9,11151.7966551146,0.000019813413530621,"DIVLSQSPAILSASPGEKVTMTCRASSSLSFMHWYQQKPGSSPKPWIYATSNLASGVPARFSGSGSGTSYSLTISRVEAEDAATYFCHQWSSNPLTFGAGTKLELKRGSTSGSGKPGSGEGSTKGQVQLRQPGAELVKPGASVKMSCKASGYTFTSYNMHWVKQTPGQGLEWIGAIYPGNGDTSYNQKFKGKATLTADKSSSTAYMQLSSLTSEDSAVYYCARSHYGSNYVDYFDYWGQGTTLTVSS","strong","low","SPR"
"2779",2,"medium","false","null","null","null","DGELELVPPRIILPKTGALPEAGKASIVEEDLLDEKEPFDPADPREDKVTVIAAFERKEAARFEIDVELEGFVLAEKRLL","none","null","SPR"
"21",2,"none","unknown","null","null","null","ATISCSISVNSIYLAWHQQKPGQAPRLLIYGASSRAIGIPDRFSDSGSGSSFSLTVNAGDTYICQQYGSSPWQTKTFTAT","unknown","null","SPR"
"3558",2,"medium","false","null","null","null","PVTESEAVAAAKAKYDADAVYYCARNVFDGYWLVYWGQGVHGSAPDSALLADCREAMTEPTALMAWSSAGGTEYLTVTRD","none","null","SPR"
"2014",2,"medium","false","null","null","null","MEEEQARQQEAEAAIAELNKEGEEHRARAAQAQADARATAVQMGLDEEAAAAEVAELEEEQEAKQAAIAEERAKLRAEAG","none","null","SPR"
"5300",1,"medium","false","null","null","null","GSWLQAALNIAEQIYKLGPEEQLQVLNDILEHIDSFTKEEAEALLVGVKELRKKLEAEGAPQEVLDAVDKLEKALEKKIK","none","null","SPR"
"2771",1,"medium","false","null","null","null","DLRAKGEELARRRLGGALLRGLLAELLEEADLEADGLVPGELKALLGGEALELAGELGGLGVDLAGRLKDGDEALRERSL","none","null","SPR"
"3718",1,"medium","false","null","null","null","NLEKIAAFYRELGERLAAALRARYPERAAEIDARLAEFLALVEKMLKDPSYLPEVEALLAEMAAELGARNVFDGYWLVDV","none","null","SPR"
"8192",2,"medium","false","null","null","null","SELEEIKEELEKYLKYIEENPNVPRSVIEGALFLKAKLLIAEAPPSAKLKPVIHLNNAYLYAVTEEEGEELRALYEKMLA","none","null","SPR"
"3275",1,"medium","false","null","null","null","RPPRLLVYVFVKFNEETGKAVYYCARNVFDGYWLVYWGQGVEGPLEQREELVEAACRDVFAKVGLPYEGADIEFVYVEVE","none","null","SPR"
"5624",1,"medium","false","null","null","null","FSTVNIHFFKETEDNTLEYIGAIYPKFNDTSINPKYKNKVKLSYDKETKKATMTIINPTEEDNAKYLKAYSPYPGGPWIF","none","null","SPR"
"1479",2,"medium","true","null","null","null","VDKETFLANIRKVMTELYPDNKEYIDLFVKAVEEAIEKNPGANYWEIMYEAMKLMIESGAPIEHLEYATNVIQNNGGKLG","weak","low","SPR"
"8369",3,"none","unknown","null","null","null","SAAAAEAVTAEIIANQKAGNKTAVTLPASVTPADALAAGKAAVEAGAHVSAVATVADDALKKGADPAEAAALVAAAKAKA","unknown","null","SPR"
"4446",1,"medium","false","null","null","null","EEEVTRTKLLLADLKEMIRMIPHVGVKEAAENAAKLLKNHGYEEEYEKIEKAQEDGKTLKEALEKAAEKVEKELEKAEKE","none","null","SPR"
"2793",3,"medium","false","null","null","null","TEIAASDKEFKRFSGAVGRKGRVLEFRGIILRELADESGLLTGTRLALIGGILRAVLLKAKDRIIADAKTLGAIKLAEEI","none","null","SPR"
"8369",2,"none","unknown","null","null","null","SAAAAEAVTAEIIANQKAGNKTAVTLPASVTPADALAAGKAAVEAGAHVSAVATVADDALKKGADPAEAAALVAAAKAKA","unknown","null","SPR"
"1479",1,"medium","true","null","null","null","VDKETFLANIRKVMTELYPDNKEYIDLFVKAVEEAIEKNPGANYWEIMYEAMKLMIESGAPIEHLEYATNVIQNNGGKLG","weak","low","SPR"
"scFv",2,"medium","true",1.18727716748962e-9,11147.2360682002,0.0000132348588643909,"DIVLSQSPAILSASPGEKVTMTCRASSSLSFMHWYQQKPGSSPKPWIYATSNLASGVPARFSGSGSGTSYSLTISRVEAEDAATYFCHQWSSNPLTFGAGTKLELKRGSTSGSGKPGSGEGSTKGQVQLRQPGAELVKPGASVKMSCKASGYTFTSYNMHWVKQTPGQGLEWIGAIYPGNGDTSYNQKFKGKATLTADKSSSTAYMQLSSLTSEDSAVYYCARSHYGSNYVDYFDYWGQGTTLTVSS","strong","low","SPR"
"2764",2,"medium","true",0.00000118845041792966,57754.9293255395,0.0686388698944356,"ADVDARRARGGARLVKAEELEGDALRLGRALLRRLLGGKLEEDLGLDDADADVVLEDVKDLKALADLAELLRGLAGALGL","weak","low","SPR"
"8357",2,"none","unknown","null","null","null","AAALRARLRAAVAALVAAEELTREGVEALLAVLDEAEAAGVALSPEERELRSTLRNWLRGTVSAAEVKATAARTLAALEG","unknown","null","SPR"
"11178",1,"medium","false","null","null","null","TEEMLKRTEEVVKLLEEDEEGRKLGEELREETERALKSIKDEKSRRNQFSLLEAYMLGVKAEYLARKLKEEAERKLRELL","none","null","SPR"
"4446",2,"medium","false","null","null","null","EEEVTRTKLLLADLKEMIRMIPHVGVKEAAENAAKLLKNHGYEEEYEKIEKAQEDGKTLKEALEKAAEKVEKELEKAEKE","none","null","SPR"
"3494",2,"medium","false","null","null","null","MEKEIIIEVGEVKENGTIVLKGKTLDGGEVEEVEARSTYYGGNEKITIKITTKDGKETFTGYLKLLPGPYALFKGELEKE","none","null","SPR"
"3037",2,"none","unknown","null","null","null","PGGGSGGTTGGGGSSSSGGTTPSGGTTGGNSGGGGSGGTTGGSGGGGSSSTGGTTGGGGSSSSGSSSSGGNTGGSSGGGS","unknown","null","SPR"
"1159",2,"none","unknown","null","null","null","HYHYFKHWHWWNRHNPGGVQRNRIVQMPCAIAMTVMPFISRMNGCKEQPNFPCRRVPVVVPAAEDAEFRSVEGAGHWYGF","unknown","null","SPR"
"5624",2,"medium","false","null","null","null","FSTVNIHFFKETEDNTLEYIGAIYPKFNDTSINPKYKNKVKLSYDKETKKATMTIINPTEEDNAKYLKAYSPYPGGPWIF","none","null","SPR"
"3339",1,"medium","true","null","null","null","MTTLARNVFDGYWLVEEITAETEEELKEASIKLYELVIKDLGVEPQTLEELEELLKHYITVKNAENPEDFEKILKYVKES","weak","low","SPR"
"3619",1,"medium","false","null","null","null","MTRKVTLDEPAVYYCARNVFDGYWLVYWGQDAVELPASSEPVEVTLSEGECDFLVVKFSSGSVQVFPFDDGKEVIHVKSP","none","null","SPR"
"3275",2,"medium","false","null","null","null","RPPRLLVYVFVKFNEETGKAVYYCARNVFDGYWLVYWGQGVEGPLEQREELVEAACRDVFAKVGLPYEGADIEFVYVEVE","none","null","SPR"
"3426",3,"medium","false","null","null","null","KSEELKEEIELLNKIIELRVKNGDEGFDEEAAVKELQKKYPNVKAVKKKIAKDIQYGNYYYGMDKEVEITLAEVEDVPDP","none","null","SPR"
"7397",2,"medium","false","null","null","null","KTIKVVFPDLPLEVVKAIAEKRKKALTELAKKNNDKAKELEKNEGPSAQPYIDEYNKLAADLNADLESVEKALKEILEKR","none","null","SPR"
"9198",2,"medium","false","null","null","null","AETAALKAGLAEAQAAAADYAAKAKEYKAKAEKYYKLAKESKKSLLYKYLGDLYEAEAGEAQGKALRAQGAADTLKAKIA","none","null","SPR"
"6399",2,"medium","false","null","null","null","PDPQKDFEAPWISMGASINSAMVGALGAFPEMDCAMPSAQVAFIRGLIAYMSAAQTLWTACRGMGNDVETQNEMLYDFIW","none","null","SPR"
"3158",2,"medium","false","null","null","null","RPRAVDHICRLLREVRSVSEACADLVQAMLTVTEQGHTPYDSYELSLLFFVNSILKNGKRAMDLAALILGEIAGAEGGGS","none","null","SPR"
"11364",2,"none","unknown","null","null","null","GLLDVLRQQALDLTKEAAAVAKKLGRLTPEQIAKLLAAAEAYAATKTLEEAEKKWAEFVKLIDTEIKDWPLIGAELLLSK","unknown","null","SPR"
"4446",3,"medium","false","null","null","null","EEEVTRTKLLLADLKEMIRMIPHVGVKEAAENAAKLLKNHGYEEEYEKIEKAQEDGKTLKEALEKAAEKVEKELEKAEKE","none","null","SPR"
"2328",3,"medium","false","null","null","null","SPAEAHETQIKMLEQQAEDYKKSEESNRARAAALASGSAADKEKAAKYAAEAEENNQKRIEYEEEQAQLENEQAEAQKAG","none","null","SPR"
"11178",2,"medium","false","null","null","null","TEEMLKRTEEVVKLLEEDEEGRKLGEELREETERALKSIKDEKSRRNQFSLLEAYMLGVKAEYLARKLKEEAERKLRELL","none","null","SPR"
"21",3,"none","unknown","null","null","null","ATISCSISVNSIYLAWHQQKPGQAPRLLIYGASSRAIGIPDRFSDSGSGSSFSLTVNAGDTYICQQYGSSPWQTKTFTAT","unknown","null","SPR"
"2779",3,"medium","false","null","null","null","DGELELVPPRIILPKTGALPEAGKASIVEEDLLDEKEPFDPADPREDKVTVIAAFERKEAARFEIDVELEGFVLAEKRLL","none","null","SPR"
"2262",2,"medium","false","null","null","null","SEELQQAKEAIEQIKRHIEGLKHLRARSKDENESAALAAQTEELEKQHKELQAELEKATANAAAQAAAAARAAALAANAG","none","null","SPR"
"2054",1,"medium","false","null","null","null","MSWEEIRQLRAQLMANEENEAAREARAKVLEAEANNCAKNPGTQEEVAELAAQANAERDTAKALEEAQKAIEEELAKLMG","none","null","SPR"
"7143",1,"medium","false","null","null","null","AEIPSDVKSPEAWEMAKTSSYQMWFKNWLDQTTTEQDPRSAMLYQMSNITACQLVPLMNMTQMDQNDNNIIDADMPVDIS","none","null","SPR"
"2903",1,"medium","true",0.00000263328750653132,4798.78984303903,0.012636593340144,"SEQKLEKIIQSLTDSVKDALSKFRKFAYDLLSKDKVIQEHVKIFTSVGTQFVKKLYEELDRLVALEYTLKVEAIAKCTGG","weak","low","SPR"
"2941",2,"medium","true","null","null","null","DEEQLEQIHEGVDKARTSLLAILDALLRTVQVIIAIVEDLQRALKKIPDAKDSGQLLAETVEQLVKLLTEVILLTSALGD","weak","low","SPR"
"3091",2,"none","unknown","null","null","null","APLAEAREREEAAAELLRRGLLLGEDLGLLGKDGDAELELELARLAAGKLRRELERGRGLGAGTGGAAAGVGLLGDLADG","unknown","null","SPR"
"5932",3,"medium","false","null","null","null","MTTVEVEVKSKKNKPLKVKVTIDDKTGRPAEIETENISLESAYTAFVKVANKNKNKPITPEDIKAEMQKIAEEEAKKREA","none","null","SPR"
"3682",2,"none","unknown","null","null","null","SAPETVVRLRLGEDGQVLAELTTVKPDGSETREFLTIPRSLVPPEALAALDAGQTVRARNVFDGYWLVDFEVDDGELRVP","unknown","null","SPR"
"3275",3,"medium","false","null","null","null","RPPRLLVYVFVKFNEETGKAVYYCARNVFDGYWLVYWGQGVEGPLEQREELVEAACRDVFAKVGLPYEGADIEFVYVEVE","none","null","SPR"
"5300",2,"medium","false","null","null","null","GSWLQAALNIAEQIYKLGPEEQLQVLNDILEHIDSFTKEEAEALLVGVKELRKKLEAEGAPQEVLDAVDKLEKALEKKIK","none","null","SPR"
"7722",2,"medium","false","null","null","null","TTLLATTTVTTTAGTLTVVRAVNGTVVVSTASTPNSSTVYATSGSGVAIGADGTQVKTTSTLSGGTVTQTATVYSQKVTL","none","null","SPR"
"1892",1,"high","false","null","null","null","SKVDRRRKANEAYSAAYAALEKERAEATNEANALAAEAEKASEAEREALAKQKEEIKKKQHELCYKQMQVQENYNTRMVG","none","null","BLI"
"2143",1,"medium","false","null","null","null","MDSQQLNRAMALHREAVEMMKAAAESSYEEFEKVKPVVEAMMKEGYEMAKKVSPELADQLRAASNAEINALEEALKKRLG","none","null","SPR"
"1892",3,"high","false","null","null","null","SKVDRRRKANEAYSAAYAALEKERAEATNEANALAAEAEKASEAEREALAKQKEEIKKKQHELCYKQMQVQENYNTRMVG","none","null","BLI"
"6399",1,"medium","false","null","null","null","PDPQKDFEAPWISMGASINSAMVGALGAFPEMDCAMPSAQVAFIRGLIAYMSAAQTLWTACRGMGNDVETQNEMLYDFIW","none","null","SPR"
"10621",2,"medium","false","null","null","null","SAEAERRGKVYERLEAIYEKLVAAGRKPSFELLERMTEIAQHYLVEEAEKAVEELEKEVAGGGGSGGGGSGGGGSGGGGS","none","null","SPR"
"2014",3,"medium","false","null","null","null","MEEEQARQQEAEAAIAELNKEGEEHRARAAQAQADARATAVQMGLDEEAAAAEVAELEEEQEAKQAAIAEERAKLRAEAG","none","null","SPR"
"2869",2,"none","unknown","null","null","null","AARRRVRLALARLLAGLLADLLELLEEGDAAALRELEALLSGAPERLALLGELGAELLGGDLRGERALAGKLALLGLAKA","unknown","null","SPR"
"6990",2,"medium","false","null","null","null","NVIPDDVYLPEGWEMAWTSSGQEYFNMHIDQTTTWQDISKKASYVMIDNALSCQAALQVIIIVTDDGPQPGQLTTANPNP","none","null","SPR"
"7722",1,"medium","false","null","null","null","TTLLATTTVTTTAGTLTVVRAVNGTVVVSTASTPNSSTVYATSGSGVAIGADGTQVKTTSTLSGGTVTQTATVYSQKVTL","none","null","SPR"
"9198",1,"medium","false","null","null","null","AETAALKAGLAEAQAAAADYAAKAKEYKAKAEKYYKLAKESKKSLLYKYLGDLYEAEAGEAQGKALRAQGAADTLKAKIA","none","null","SPR"
"3732",2,"medium","false","null","null","null","YPGNGDTSYNQKFKGKATLTADKSSSTAYMQLSSLTSEDSAVDWYFNVWGAGTTVTVSAASTKGPSVFPYYCARSTYYGG","none","null","SPR"
"3532",1,"medium","false","null","null","null","LRVVAVDPASSPLVPNPELIAWALANAKRVELALAPDGTLVLVVEVEVEDGKAVYYCARNVFDGYWLVYWGQGQRVTEVP","none","null","SPR"
"3453",2,"medium","false","null","null","null","SNELTYIKFVGKVNGKEKTVYAVRYSNGDVILEDGTKLEGVSLEELYEIVKKKYGMEEAVYYCARNVFDGYWLVYWGQGR","none","null","SPR"
"3619",2,"medium","false","null","null","null","MTRKVTLDEPAVYYCARNVFDGYWLVYWGQDAVELPASSEPVEVTLSEGECDFLVVKFSSGSVQVFPFDDGKEVIHVKSP","none","null","SPR"
"2262",1,"medium","false","null","null","null","SEELQQAKEAIEQIKRHIEGLKHLRARSKDENESAALAAQTEELEKQHKELQAELEKATANAAAQAAAAARAAALAANAG","none","null","SPR"
"3494",1,"medium","false","null","null","null","MEKEIIIEVGEVKENGTIVLKGKTLDGGEVEEVEARSTYYGGNEKITIKITTKDGKETFTGYLKLLPGPYALFKGELEKE","none","null","SPR"
"2778",3,"medium","false","null","null","null","PLAKSRTIILSKRARARTAIIKGARGDSFALLEGKSSDLVLDEGGSLRLTLVKAIAGLVSLLVIKGKGDRERKPDLTEDT","none","null","SPR"
"5981",3,"medium","true","null","null","null","NAAAVGDLQAMARGTIEAATIDKETADKATKIMVEYAKANANSEGVLKVVEDAAKKLKELGYEEGAKLLEETAKEIRKKL","weak","low","SPR"
"3339",3,"medium","true","null","null","null","MTTLARNVFDGYWLVEEITAETEEELKEASIKLYELVIKDLGVEPQTLEELEELLKHYITVKNAENPEDFEKILKYVKES","weak","low","SPR"
"9556",2,"medium","false","null","null","null","MLKGDIEALEELKKSKTASPEVKKGAKEVWERIKKGERTLNKGDIEALEELKKSKTASPEVKKGAKEVWERIKKGGGGGG","none","null","SPR"
"9556",3,"medium","false","null","null","null","MLKGDIEALEELKKSKTASPEVKKGAKEVWERIKKGERTLNKGDIEALEELKKSKTASPEVKKGAKEVWERIKKGGGGGG","none","null","SPR"
"1892",2,"high","false","null","null","null","SKVDRRRKANEAYSAAYAALEKERAEATNEANALAAEAEKASEAEREALAKQKEEIKKKQHELCYKQMQVQENYNTRMVG","none","null","BLI"
"2778",2,"medium","false","null","null","null","PLAKSRTIILSKRARARTAIIKGARGDSFALLEGKSSDLVLDEGGSLRLTLVKAIAGLVSLLVIKGKGDRERKPDLTEDT","none","null","SPR"
"2143",3,"medium","false","null","null","null","MDSQQLNRAMALHREAVEMMKAAAESSYEEFEKVKPVVEAMMKEGYEMAKKVSPELADQLRAASNAEINALEEALKKRLG","none","null","SPR"
"11097",2,"medium","true",3.97736354546527e-7,324351.795250435,0.12900650063353,"KLEEIRKENLERMEKLMASQKTPLEARTWAWQVYAVRMILLAESLGLPLAKTLKEIQEKIFGKVDPEVEAFAREWVERVL","medium","low","SPR"
"2969",3,"medium","true",0.00000676379971059523,2314.95531958088,0.0156578941206221,"ETAEEIFAYWFDAFSQIMEKYLNLYREPDYVDRLQELVTVLEDLAQDLVEVLRDYFRNYREFIQLVREAVKQQHEFLERI","weak","low","SPR"
"2143",2,"medium","false","null","null","null","MDSQQLNRAMALHREAVEMMKAAAESSYEEFEKVKPVVEAMMKEGYEMAKKVSPELADQLRAASNAEINALEEALKKRLG","none","null","SPR"
"1479",3,"medium","true","null","null","null","VDKETFLANIRKVMTELYPDNKEYIDLFVKAVEEAIEKNPGANYWEIMYEAMKLMIESGAPIEHLEYATNVIQNNGGKLG","weak","high","SPR"
"9030",2,"medium","false","null","null","null","SALREALRRKEEEERRRRAEEEAKSKEEEEKARKQAANKAKTEREAEQTNSQTIKNELDLFEKNSEILDKARKVLEKQLK","none","null","SPR"
"2383",3,"medium","true",7.7918554813255e-7,38079.9430928235,0.029671341331638,"DLLEKLLSLASFGDPEVRARMEALPPEEKKNSPEYQEYEQRRRSEIGRLHALYLLLRALGVDAKPEEFPGLLEAFPELGE","medium","low","SPR"
"2778",1,"medium","false","null","null","null","PLAKSRTIILSKRARARTAIIKGARGDSFALLEGKSSDLVLDEGGSLRLTLVKAIAGLVSLLVIKGKGDRERKPDLTEDT","none","null","SPR"
"9030",3,"medium","false","null","null","null","SALREALRRKEEEERRRRAEEEAKSKEEEEKARKQAANKAKTEREAEQTNSQTIKNELDLFEKNSEILDKARKVLEKQLK","none","null","SPR"
"9030",1,"medium","false","null","null","null","SALREALRRKEEEERRRRAEEEAKSKEEEEKARKQAANKAKTEREAEQTNSQTIKNELDLFEKNSEILDKARKVLEKQLK","none","null","SPR"
"2969",2,"medium","true",0.00000990531036507711,1313.2357617939,0.013008007803087,"ETAEEIFAYWFDAFSQIMEKYLNLYREPDYVDRLQELVTVLEDLAQDLVEVLRDYFRNYREFIQLVREAVKQQHEFLERI","weak","low","SPR"
"3339",2,"medium","true","null","null","null","MTTLARNVFDGYWLVEEITAETEEELKEASIKLYELVIKDLGVEPQTLEELEELLKHYITVKNAENPEDFEKILKYVKES","weak","low","SPR"
"11097",3,"medium","true",5.36752869123426e-7,396931.871668669,0.21305432096469,"KLEEIRKENLERMEKLMASQKTPLEARTWAWQVYAVRMILLAESLGLPLAKTLKEIQEKIFGKVDPEVEAFAREWVERVL","medium","low","SPR"
"scFv",4,"high","true",2.73554352329426e-9,22325.8696905092,0.0000610733882337841,"DIVLSQSPAILSASPGEKVTMTCRASSSLSFMHWYQQKPGSSPKPWIYATSNLASGVPARFSGSGSGTSYSLTISRVEAEDAATYFCHQWSSNPLTFGAGTKLELKRGSTSGSGKPGSGEGSTKGQVQLRQPGAELVKPGASVKMSCKASGYTFTSYNMHWVKQTPGQGLEWIGAIYPGNGDTSYNQKFKGKATLTADKSSSTAYMQLSSLTSEDSAVYYCARSHYGSNYVDYFDYWGQGTTLTVSS","strong","high","BLI"
